Year,A34SVS,Freight_Rate_Share,Actual_Total_Transportation_Cost_USD_M,Truck_Cost_USD_M,Air_Cost_USD_M,Rail_Cost_USD_M
2018,318828,0.015,4782.42,2869.45,1434.73,478.24
2019,324309,0.014,4540.33,2724.2,1362.1,454.03
2020,317897,0.016,5086.35,3051.81,1525.9,508.64
2021,338542,0.024,8125.01,4875.01,2437.5,812.5
2022,352433,0.022,7753.53,4652.12,2326.06,775.35
2023,356799,0.015,5351.98,3211.19,1605.59,535.2
2024,361070,0.015,5416.05,3249.63,1624.82,541.6
2025,378913,0.015,5683.7,3410.22,1705.11,568.37
2026,235590,0.015,3533.85,2120.31,1060.16,353.38
