faf_state,faf_zone,border_state_1,border_state_2,faf_country,lane_count,capacity,unit_cost,transit_days,reliability,capacity_share,capacity_share_pct
NJ,341,PA,NJ,USA,303,15625.58353674,0.228877889148199,1.0,0.10689978902817586,0.03569393391843834,3.5693933918438345
AZ,49,NM,AZ,USA,45,9294.189787326999,0.17588408014131635,1.0,0.13615957963473285,0.021230963651005342,2.123096365100534
OK,409,TX,OK,USA,117,7882.23766204341,0.16345962401609143,1.0,0.2684185726419107,0.018005604051642456,1.8005604051642456
IA,190,IA,NE,USA,178,7781.1247514543,0.16579141119145094,1.0,0.18534597948413534,0.017774629154584522,1.7774629154584523
AR,50,TN,AR,USA,16,6916.30384,0.15736493990140157,1.0,0.0,0.015799095863801987,1.5799095863801988
MD,249,WV,MD,USA,136,6749.87487030086,0.1891930859281805,1.0,0.18253475775702038,0.015418917764687342,1.541891776468734
AZ,49,CA,AZ,USA,18,6714.2451886,0.1804936740253186,1.0,0.16405308538040733,0.01533752794003374,1.533752794003374
TN,479,TN,GA,USA,38,6365.3111858521,0.17891179518755154,1.0,0.26607058493309593,0.014540448764929973,1.4540448764929972
IN,181,IN,IL,USA,44,6148.811271242,0.1727826194810479,1.0,0.1959256016464975,0.014045892281501982,1.4045892281501982
CA,61,CA,AZ,USA,17,6036.2749943,0.17874399959366735,1.0,0.08685163343668624,0.013788822686427334,1.3788822686427333
IN,189,IN,OH,USA,65,5905.21873141,0.1689605220433321,1.0,0.0620967399660109,0.013489447397421707,1.3489447397421706
MO,299,MO,OK,USA,22,5627.9852033355,0.16465297030921835,1.0,0.1349752875269684,0.012856155513774635,1.2856155513774634
NM,350,TX,NM,USA,80,5518.60154481465,0.1648115428160138,1.0,0.26828308986701355,0.012606287528376196,1.2606287528376197
PA,423,PA,NJ,USA,100,5475.6890747180005,0.2082998263821738,1.0,0.23877380732899198,0.012508261437490995,1.2508261437490995
IL,171,IN,IL,USA,38,4759.221040476,0.18040890890884742,1.0,0.155557600815407,0.010871614549470655,1.0871614549470654
IN,183,IN,MI,USA,12,4728.16784,0.1644271635998392,1.0,0.0,0.010800678901970503,1.0800678901970502
NM,350,NM,AZ,USA,33,4717.870137297,0.17756411258553353,1.0,0.18058022887272193,0.010777155587213753,1.0777155587213754
OR,419,WA,OR,USA,100,4606.23372248,0.1772620222907242,1.0,0.176645974782879,0.010522141571001167,1.0522141571001167
GA,139,TN,GA,USA,45,4528.6638995521,0.17748877089797083,1.0,0.46409637271422444,0.010344946772026568,1.0344946772026569
MO,292,MO,IL,USA,45,4457.869916085,0.16672807439511314,1.0,0.11245374872049191,0.010183230202417745,1.0183230202417746
MS,280,MS,AL,USA,83,4308.564451912,0.17876847344460217,1.0,0.39646023449449674,0.009842167780056225,0.9842167780056225
IL,172,MO,IL,USA,43,4289.170976936,0.17046619578374944,1.0,0.08869853526401679,0.009797866752026483,0.9797866752026483
OH,399,IN,OH,USA,50,4278.997926494711,0.1688613785187438,1.0,0.23050783194625118,0.009774628183729398,0.9774628183729398
NV,321,NV,CA,USA,22,4201.8874728731,0.17658443833122672,1.0,0.11852237039746823,0.009598482734215848,0.9598482734215849
KY,219,TN,KY,USA,72,3965.57899541,0.1689625708021566,1.0,0.3479372176870846,0.009058677026537655,0.9058677026537655
WI,559,WI,IL,USA,58,3887.0235329199,0.18992530549625486,1.0,0.24522490578373682,0.008879230705031573,0.8879230705031573
IL,179,IN,IL,USA,93,3847.821899476,0.16806274593219642,1.0,0.3931242056339286,0.00878968137649921,0.8789681376499211
OH,399,WV,OH,USA,617,3842.3040367175,0.19322966526101837,1.0,0.16728893782900323,0.008777076776599961,0.8777076776599961
AL,19,MS,AL,USA,77,3809.604126995,0.1781231756492338,1.0,0.4377908930094758,0.008702379507596891,0.8702379507596891
OK,409,OK,KS,USA,79,3770.426181144,0.15772992834301333,1.0,0.26440359139900393,0.008612884289259753,0.8612884289259752
AR,50,MO,AR,USA,80,3741.682701958,0.1558097274971671,1.0,0.44968461155153355,0.008547224799216466,0.8547224799216466
VA,519,WV,VA,USA,97,3656.66159188955,0.1810696302611477,1.0,0.31685791753465914,0.00835300882786922,0.8353008827869219
TX,489,TX,OK,USA,89,3619.1777281364098,0.16391264333481412,1.0,0.3204610787225437,0.008267383446092822,0.8267383446092822
IN,189,IN,MI,USA,35,3618.9524212692,0.17043480386430743,1.0,0.21663685624310425,0.008266868771654544,0.8266868771654544
OR,411,WA,OR,USA,51,3617.35286,0.16875794676719158,1.0,0.03334809810923801,0.008263214851523685,0.8263214851523685
IN,189,IN,IL,USA,65,3609.484778416,0.17202184288352787,1.0,0.38080575288067614,0.00824524158457568,0.824524158457568
PA,429,PA,MD,USA,71,3580.622315009,0.20481453898297167,1.0,0.327636075910521,0.008179310295728099,0.8179310295728098
VA,519,VA,NC,USA,133,3559.10939974364,0.1829535288162994,1.0,0.1648722255518556,0.008130167774165994,0.8130167774165994
NJ,341,NY,NJ,USA,46,3541.0170714899996,0.2537979377461799,1.0,0.21412290804704134,0.008088838990021855,0.8088838990021855
TN,479,VA,TN,USA,56,3458.0021598499998,0.17532018433799795,1.0,0.2173225499100206,0.007899205830827765,0.7899205830827766
VA,519,VA,TN,USA,59,3456.552815056,0.17554380135314573,1.0,0.29346951467758786,0.007895895054165863,0.7895895054165862
MD,249,PA,MD,USA,50,3450.3759227279998,0.19715728249138742,1.0,0.2484469268745614,0.007881785015583396,0.7881785015583396
TX,489,TX,NM,USA,55,3291.7084386146503,0.16230875588804042,1.0,0.2764869661129028,0.007519336683357569,0.7519336683357569
AL,19,GA,AL,USA,88,3232.88845585229,0.17632916613182822,1.0,0.3206482059962722,0.007384972640384912,0.7384972640384911
MS,280,LA,MS,USA,48,3217.7002974244,0.18524074578193472,1.0,0.16722957319986653,0.007350277928216679,0.735027792821668
IN,189,IN,KY,USA,144,3212.71056399,0.18107153724919484,1.0,0.2149817631677431,0.00733887974810652,0.7338879748106519
TN,471,TN,AR,USA,8,3210.51766,0.15910177619483207,1.0,0.0,0.007333870439498973,0.7333870439498973
TN,479,TN,KY,USA,84,3112.0114757466,0.16544920621014833,1.0,0.3346853620666572,0.007108850156382433,0.7108850156382432
NY,369,PA,NY,USA,184,3074.80794452985,0.20149467375474736,1.0,0.16798768727468735,0.007023865145636378,0.7023865145636378
TX,484,TX,OK,USA,20,3064.512453745,0.16020550291315594,1.0,0.066142959863564,0.007000346883622786,0.7000346883622787
SC,459,NC,SC,USA,87,2956.2140704587,0.20488487398962155,1.0,0.24777784385939758,0.006752958021158492,0.6752958021158493
WV,540,WV,VA,USA,128,2939.88984721276,0.18340206897980857,1.0,0.31263321814401507,0.006715668166066655,0.6715668166066655
PA,429,PA,OH,USA,29,2929.11512919824,0.1893037982179291,1.0,0.2156119314093562,0.006691055192612205,0.6691055192612205
NY,363,NY,NJ,USA,58,2857.98074562,0.23628334421133082,1.0,0.1468065269610503,0.006528561038022682,0.6528561038022682
IA,190,IA,IL,USA,108,2837.03984267293,0.1732979951938532,1.0,0.17913821488973858,0.0064807251793344185,0.6480725179334419
OR,419,ID,OR,USA,75,2808.9220422045,0.16868365855466078,1.0,0.06801451394363525,0.006416494943740839,0.6416494943740839
OH,399,PA,OH,USA,28,2727.3478645529,0.18511734788436376,1.0,0.33143898897583624,0.006230152891317583,0.6230152891317583
LA,223,LA,MS,USA,30,2699.1946805544,0.1749534775688305,1.0,0.14179311077007326,0.006165841828190033,0.6165841828190033
IL,179,IA,IL,USA,49,2673.90661466678,0.17343147302434647,1.0,0.248794380290798,0.00610807563017282,0.610807563017282
NE,311,IA,NE,USA,56,2554.3744081425402,0.16143907120523251,1.0,0.16534759596976473,0.0058350250480445134,0.5835025048044513
AR,50,TX,AR,USA,61,2493.44106371196,0.1568226194320872,1.0,0.12123494386672826,0.005695833397094604,0.5695833397094604
MO,291,MO,KS,USA,65,2474.467040152,0.17317117776226681,1.0,0.11726828432733995,0.005652490533033004,0.5652490533033003
TX,489,TX,AR,USA,33,2469.60998842893,0.1524184923132973,1.0,0.03348352772244753,0.00564139544126673,0.564139544126673
OH,391,OH,KY,USA,128,2418.116098266,0.19658309118842587,1.0,0.16687517313555225,0.0055237665854638565,0.5523766585463856
WV,540,WV,OH,USA,258,2383.5981364582,0.19188579631930025,1.0,0.34520967653815154,0.005444916291977547,0.5444916291977547
SC,452,NC,SC,USA,35,2305.90617066215,0.17773534944875086,1.0,0.18510518771724635,0.005267442478817393,0.5267442478817392
IL,179,WI,IL,USA,42,2299.1798221345002,0.1887103994375395,1.0,0.2684035888668028,0.005252077302899719,0.5252077302899719
PA,429,PA,NY,USA,140,2235.1347414995503,0.2027620211121728,1.0,0.20855519003296022,0.005105777430603116,0.5105777430603117
SC,459,SC,GA,USA,51,2211.736798634,0.19360115159939859,1.0,0.28630911285554483,0.005052328890616968,0.5052328890616968
WV,540,WV,MD,USA,71,2207.005958581,0.1916605752734304,1.0,0.30761012839761676,0.005041522107508137,0.5041522107508136
AR,50,OK,AR,USA,48,2198.807976224,0.17170798763378706,1.0,0.3085676404186708,0.005022795239495351,0.502279523949535
NV,321,NV,AZ,USA,12,2177.0399994,0.1717858422357815,1.0,0.0,0.004973070074066038,0.4973070074066038
AZ,49,NV,AZ,USA,12,2177.0399994,0.1717858422357815,1.0,0.0,0.004973070074066038,0.4973070074066038
UT,491,WY,UT,USA,6,2109.2253,0.166256649143516,1.0,0.0,0.004818159161882123,0.4818159161882123
CA,61,NV,CA,USA,7,2093.8389591,0.17602738609518978,1.0,0.1177101662323392,0.004783011736249035,0.4783011736249035
TX,485,TX,NM,USA,23,2041.34594887,0.16936829082330357,1.0,0.055090151665555316,0.004663100564040714,0.4663100564040714
MO,299,MO,AR,USA,64,2037.2982523780001,0.15574580673397026,1.0,0.4820469463630059,0.004653854303843927,0.46538543038439273
NV,329,NV,CA,USA,69,2033.496184521,0.17503730192990172,1.0,0.2544093385520345,0.0046451691396372854,0.4645169139637285
GA,139,GA,AL,USA,62,1999.06275204929,0.17245433171947747,1.0,0.3387210518699456,0.004566511938750012,0.45665119387500125
AZ,49,UT,AZ,USA,24,1972.4510351188,0.18294766701109463,1.0,0.2954927519373349,0.004505722089632398,0.4505722089632398
UT,499,UT,AZ,USA,20,1965.4260717188001,0.17959629822888187,1.0,0.2588633553517058,0.004489674779860608,0.44896747798606085
GA,139,SC,GA,USA,96,1933.498175254,0.19955946854949372,1.0,0.3382223670520444,0.0044167410411692035,0.4416741041169204
LA,229,LA,TX,USA,32,1926.126426628,0.1628104000298686,1.0,0.2691407257543973,0.004399901560729891,0.4399901560729891
WI,559,WI,MN,USA,124,1896.31865612878,0.19121602412346536,1.0,0.31505906186574034,0.004331810881879179,0.4331810881879179
TN,472,TN,KY,USA,26,1891.11431385,0.17174055897269944,1.0,0.19959712965697,0.004319922465107355,0.4319922465107355
GA,139,FL,GA,USA,81,1886.12611655148,0.184042003525808,1.0,0.36151582629367374,0.004308527794033032,0.43085277940330324
SC,452,SC,GA,USA,31,1813.831119108,0.19623940386187022,1.0,0.32670429514072585,0.0041433824184818535,0.41433824184818535
NC,379,NC,SC,USA,84,1779.62985063835,0.1924954351143377,1.0,0.22460016374784786,0.004065255555967435,0.40652555559674347
IL,171,WI,IL,USA,18,1767.924151805,0.19719475434953523,1.0,0.11214005842927903,0.004038515918395224,0.4038515918395224
NC,372,VA,NC,USA,25,1686.03842876,0.1750843356520272,1.0,0.3188474596546944,0.0038514621945864827,0.3851462194586483
NC,379,VA,NC,USA,66,1684.47564896754,0.18226261061763935,1.0,0.17354593028125578,0.003847892295356161,0.38478922953561606
TN,471,TN,MS,USA,41,1668.0199453844,0.18106953671592438,1.0,0.155763940382354,0.003810302096251152,0.3810302096251152
NE,319,WY,NE,USA,28,1575.7261913846999,0.16229644905964657,1.0,0.18691957844885224,0.0035994730319410706,0.35994730319410706
TX,482,LA,TX,USA,15,1564.454625,0.17442174718892214,1.0,0.27075398638782194,0.003573725094608248,0.3573725094608248
CO,89,UT,CO,USA,19,1564.18781522,0.17819421088432594,1.0,0.33016301932649056,0.0035731156139681346,0.35731156139681347
UT,499,UT,CO,USA,19,1564.18781522,0.17819421088432594,1.0,0.33016301932649056,0.0035731156139681346,0.35731156139681347
MS,280,TN,MS,USA,56,1556.5813213147999,0.1859009142543364,1.0,0.15821839833184922,0.0035557398986762975,0.3555739898676297
WV,540,WV,PA,USA,56,1551.8273889799998,0.20376826113587604,1.0,0.10092824218608762,0.003544880365257139,0.3544880365257139
LA,222,LA,TX,USA,7,1540.5633687000002,0.1788007963716441,1.0,0.01505202443814437,0.003519149665690949,0.3519149665690949
KS,201,MO,KS,USA,49,1534.7070381610001,0.1778990642867851,1.0,0.13370055457070604,0.0035057718948850077,0.35057718948850075
WY,560,WY,UT,USA,23,1508.7442582139402,0.20144032053877284,1.0,0.3419953106265021,0.003446464429689205,0.3446464429689205
NC,371,NC,SC,USA,39,1497.9404805787,0.2058830913946114,1.0,0.20495420774353915,0.0034217850745742397,0.34217850745742395
TX,489,LA,TX,USA,19,1470.125588978,0.1634471231492669,1.0,0.20846727677839424,0.0033582467817220387,0.33582467817220385
IL,179,MO,IL,USA,35,1458.015282982,0.16125854808504037,1.0,0.14498795596915734,0.0033305828893024744,0.33305828893024747
IA,190,MO,IA,USA,56,1448.0882091353,0.1636702660338997,1.0,0.4152520579569078,0.0033079062118488343,0.33079062118488345
MO,299,MO,IA,USA,52,1447.1826780301,0.15991336935970002,1.0,0.42958827092979374,0.0033058376831853063,0.33058376831853065
MO,299,MO,IL,USA,34,1445.645923894,0.16271857887363586,1.0,0.17865934185383822,0.0033023272350504334,0.33023272350504335
CT,91,MA,CT,USA,29,1351.61478595,0.22976179142122474,1.0,0.0728751411225506,0.0030875294186260404,0.30875294186260405
GA,131,GA,AL,USA,26,1339.19197378925,0.17608481493118855,1.0,0.31408277321843525,0.0030591516601055743,0.30591516601055746
OK,409,OK,AR,USA,50,1339.165565324,0.17166294875678506,1.0,0.3150378122273375,0.0030590913345496483,0.30590913345496484
CO,89,CO,NE,USA,44,1323.6449492482,0.1643792577980441,1.0,0.2696856636545704,0.003023637180579624,0.3023637180579624
NE,319,CO,NE,USA,36,1321.3293615182001,0.1638459656436883,1.0,0.3248993755084392,0.003018347622258642,0.3018347622258642
LA,229,LA,MS,USA,16,1310.5259875228,0.1767457162909153,1.0,0.14250743188955184,0.0029936691891888434,0.29936691891888434
IA,190,IA,SD,USA,58,1229.30841561292,0.1663932472807113,1.0,0.32700787951753596,0.0028081417406970164,0.28081417406970166
NY,363,NY,CT,USA,41,1227.9314305802,0.2190717744879453,1.0,0.1562411136344652,0.002804996257352409,0.2804996257352409
AL,12,MS,AL,USA,8,1224.21936,0.17992931422195385,1.0,0.26583153682928384,0.002796516676306447,0.2796516676306447
DE,101,PA,DE,USA,33,1222.41916931401,0.22487294864981858,1.0,0.17140671184933104,0.002792404453090256,0.2792404453090256
KY,211,OH,KY,USA,51,1200.40919946,0.19854545319614997,1.0,0.27766745704473084,0.002742126496579471,0.27421264965794706
KS,209,CO,KS,USA,33,1167.96610463784,0.16203519198864397,1.0,0.2685090857405602,0.0026680158766484467,0.2668015876648447
MT,300,ID,MT,USA,54,1162.56483226409,0.16725323649726712,1.0,0.31297643062737,0.002655677607250007,0.2655677607250007
PA,422,WV,PA,USA,20,1161.70401376,0.18530468984810483,1.0,0.13713091143448772,0.0026537112167642684,0.26537112167642685
MD,249,MD,DE,USA,47,1155.637717994,0.2228538417955474,1.0,0.18154862819180395,0.0026398538168347116,0.26398538168347113
DE,101,MD,DE,USA,25,1124.91635747,0.21901019064737276,1.0,0.12820533525843916,0.00256967620011724,0.256967620011724
NC,379,TN,NC,USA,47,1115.65838212193,0.1739727070278669,1.0,0.26589476503053894,0.0025485279620680455,0.25485279620680457
WY,560,WY,NE,USA,20,1113.7065835947,0.16358660770015604,1.0,0.19459775091940268,0.0025440694170486395,0.25440694170486394
GA,132,SC,GA,USA,15,1093.3626834,0.18936952958512737,1.0,0.1428396138889097,0.0024975973075440218,0.24975973075440216
FL,129,FL,AL,USA,59,1079.99426810627,0.1868997923454379,1.0,0.36831688788583156,0.002467059482766683,0.2467059482766683
MN,279,WI,MN,USA,120,1060.75993912837,0.17966834220419983,1.0,0.20399278194825513,0.0024231219961513254,0.24231219961513253
MI,269,IN,MI,USA,39,1048.1239315992,0.1674117488086649,1.0,0.19469382783313655,0.0023942572298097297,0.23942572298097298
VA,513,VA,MD,USA,23,1047.3378929,0.21144314861639996,1.0,0.26310323645886374,0.0023924616608109396,0.23924616608109397
UT,491,UT,NV,USA,10,1024.340692,0.17272452769707186,1.0,0.3583786514297767,0.002339928546300138,0.23399285463001382
IL,179,IL,KY,USA,25,984.7071446658,0.1633530539188903,1.0,0.25759862674933903,0.0022493925854399285,0.22493925854399285
FL,121,FL,GA,USA,18,975.470696139,0.18641832347392018,1.0,0.16835166642874796,0.002228293521678151,0.22282935216781508
KY,219,IL,KY,USA,12,969.649483,0.16253411623124567,1.0,0.26931955883202274,0.0022149959704782195,0.22149959704782196
NE,319,IA,NE,USA,36,957.20574468,0.15915370458982145,1.0,0.34511042072456377,0.002186570409778482,0.21865704097784822
CT,99,RI,CT,USA,70,949.3785326179,0.2331782178111746,1.0,0.1902654490305217,0.0021686905021607414,0.21686905021607414
KY,212,IN,KY,USA,21,921.8581770000001,0.17426315900263306,1.0,0.2313676661492345,0.002105825025647332,0.21058250256473318
TN,473,TN,NC,USA,16,918.5549054100001,0.1770214101287785,1.0,0.2738846515807155,0.0020982792749513093,0.20982792749513093
FL,129,FL,GA,USA,63,914.73977496066,0.1812665574647795,1.0,0.3992701288495565,0.002089564271519356,0.2089564271519356
TN,473,TN,KY,USA,6,914.4770000000001,0.15709769045369526,1.0,0.0,0.0020889640077238207,0.20889640077238208
WA,539,ID,WA,USA,108,869.40066574087,0.18751741715205283,1.0,0.18541740733911544,0.0019859949446774552,0.19859949446774552
MN,271,WI,MN,USA,78,863.97070301744,0.19012380861920022,1.0,0.3556027306326761,0.001973591137154109,0.1973591137154109
DE,101,DE,NJ,USA,4,822.1628,0.19449065502239868,1.0,0.0,0.001878088238074263,0.1878088238074263
SD,460,IA,SD,USA,19,810.646338526,0.1625907969486456,1.0,0.3151678524500527,0.0018517808804091452,0.1851780880409145
IN,181,IN,MI,USA,6,800.54147033,0.1528217827595459,1.0,0.0017948861639459999,0.0018286980626190455,0.18286980626190455
WV,540,WV,KY,USA,143,771.9334317199999,0.19665175099725635,1.0,0.43367283774672477,0.0017633479630672101,0.17633479630672103
OH,391,IN,OH,USA,15,771.52778618,0.18066044511276083,1.0,0.1291206730083764,0.0017624213362270017,0.17624213362270016
PA,421,PA,NJ,USA,45,769.294489417,0.25353209679360533,1.0,0.10760846718959864,0.001757319757339317,0.1757319757339317
ID,160,ID,OR,USA,36,769.0193032019,0.17023291426875908,1.0,0.15784163912191765,0.0017566911421868685,0.17566911421868686
KY,219,WV,KY,USA,85,762.1421005848,0.1782197149891617,1.0,0.3822597787194241,0.0017409813662811367,0.17409813662811366
VT,500,VT,NH,USA,255,757.83965332736,0.22663155045767006,1.0,0.16778636584801887,0.0017311531721702707,0.17311531721702708
OH,392,PA,OH,USA,15,753.96067304824,0.19915791370186078,1.0,0.14512273041607146,0.001722292314882715,0.1722292314882715
CO,89,CO,KS,USA,31,746.28710463784,0.1618164102450752,1.0,0.2858322525625318,0.0017047633795238902,0.170476337952389
CA,69,NV,CA,USA,58,689.6972884511,0.17332293608320054,1.0,0.2710448747301,0.0015754937650690633,0.15754937650690634
OH,399,OH,MI,USA,28,686.34295817,0.1860148567845077,1.0,0.20201140531524014,0.0015678313796539723,0.15678313796539722
CA,69,AZ,CA,USA,4,685.8494,0.1718482993805744,1.0,0.0,0.0015667039316669283,0.15667039316669282
AZ,49,AZ,CA,USA,4,685.8494,0.1718482993805744,1.0,0.0,0.0015667039316669283,0.15667039316669282
MI,261,OH,MI,USA,25,684.82673547,0.18856884391994758,1.0,0.20050499980987138,0.0015643678320218354,0.15643678320218354
NV,329,UT,NV,USA,16,668.47076888,0.17263342498355633,1.0,0.4625160427921332,0.001527005464769249,0.1527005464769249
PA,421,PA,DE,USA,22,663.16054731401,0.21930913017755674,1.0,0.1779616115849061,0.0015148751851401367,0.15148751851401368
AL,12,FL,AL,USA,7,661.0232633,0.1790650736022543,1.0,0.08761830975565583,0.0015099929307154213,0.15099929307154214
SD,460,MN,SD,USA,57,645.1293022609,0.18045130957207858,1.0,0.24432370945092982,0.0014736859349672015,0.14736859349672016
MA,251,MA,CT,USA,16,636.353627156,0.22484225827517532,1.0,0.3023475054408433,0.0014536394281249147,0.14536394281249146
CO,81,WY,CO,USA,13,636.350637004,0.17170607552135644,1.0,0.0612485305150356,0.001453632597641583,0.1453632597641583
WA,532,WA,OR,USA,26,626.6962648,0.19590761772603835,1.0,0.26496821653199903,0.0014315788597659173,0.14315788597659174
MN,279,MN,IA,USA,67,623.053945104,0.18297020091413255,1.0,0.4157565987684117,0.0014232586125103083,0.14232586125103083
IA,190,MN,IA,USA,67,623.053945104,0.18297020091413255,1.0,0.4157565987684117,0.0014232586125103083,0.14232586125103083
WY,560,WY,CO,USA,36,595.5464909415,0.18713371454254946,1.0,0.1536385833742837,0.0013604226071328353,0.13604226071328354
PA,422,PA,OH,USA,24,570.1700067209999,0.1938949234090855,1.0,0.4320496340073962,0.0013024544327783177,0.13024544327783177
ID,160,ID,UT,USA,20,567.8710686907,0.18775948641079354,1.0,0.22820803705595577,0.0012972029078069033,0.12972029078069033
CT,92,NY,CT,USA,25,567.3200513494,0.2212976033213823,1.0,0.1405196727613955,0.0012959442043145167,0.12959442043145167
UT,491,ID,UT,USA,8,555.409081,0.16938452621484298,1.0,0.0,0.0012687356595868066,0.12687356595868066
MN,279,MN,ND,USA,109,552.4050346168,0.1820896778728728,1.0,0.23056323659441616,0.0012618734369480328,0.12618734369480328
CO,89,CO,NM,USA,42,538.25692495022,0.17611925237123463,1.0,0.28049496180230193,0.0012295545356844526,0.12295545356844527
ID,160,ID,WA,USA,75,534.76552002396,0.19646035827218422,1.0,0.2099603957615967,0.0012215790270304933,0.12215790270304933
RI,441,RI,MA,USA,51,523.1252875490001,0.2610004047311029,1.0,0.1399273760877825,0.0011949889359929612,0.11949889359929612
CA,69,OR,CA,USA,28,521.0031601166099,0.1676581442440157,1.0,0.29214720811643907,0.0011901413041486761,0.11901413041486761
NJ,342,PA,NJ,USA,24,499.7496768,0.26321754408361464,1.0,0.1202959240619297,0.0011415914098515457,0.11415914098515456
OR,419,OR,CA,USA,24,478.84975211661,0.16843388620906538,1.0,0.2804508240887187,0.001093849158895272,0.1093849158895272
KS,202,OK,KS,USA,13,478.38248067999996,0.1559816387531483,1.0,0.2756295144011847,0.0010927817583888451,0.10927817583888451
MD,242,MD,VA,USA,4,477.9655,0.18304760045381718,1.0,0.0,0.001091829238388412,0.10918292383884119
AL,19,TN,AL,USA,44,474.742887179,0.17703260640143478,1.0,0.4154238230283029,0.0010844677386526085,0.10844677386526085
NH,331,NH,MA,USA,26,464.82514076,0.22132560031082263,1.0,0.05916814801480716,0.0010618123680888624,0.10618123680888625
SD,460,WY,SD,USA,24,460.17127750599997,0.16044662221507314,1.0,0.34385758100791003,0.0010511814251187553,0.10511814251187553
TN,479,TN,AL,USA,40,456.70283317900004,0.17856463295216324,1.0,0.4303488984321417,0.0010432583659692122,0.10432583659692123
MA,251,NH,MA,USA,35,455.570513002,0.22758087165620183,1.0,0.11339364757067971,0.001040671777028241,0.1040671777028241
RI,441,RI,CT,USA,28,454.1348615208,0.23462133196702692,1.0,0.28161791997744184,0.0010373922803630846,0.10373922803630846
ID,160,ID,MT,USA,40,440.06636279769003,0.16934041771131716,1.0,0.36457706418513314,0.0010052552364841405,0.10052552364841405
MA,251,RI,MA,USA,45,437.777298362,0.2665828679961325,1.0,0.10200654564290595,0.0010000262660261443,0.10000262660261443
WY,560,WY,MT,USA,45,434.71935189699997,0.18279679536333504,1.0,0.24025176779833626,0.0009930409180043444,0.09930409180043444
MD,242,VA,MD,USA,18,429.9889447,0.22692277213502868,1.0,0.33430535292191615,0.0009822351236799267,0.09822351236799266
KY,219,IN,KY,USA,16,428.0716967,0.1741090175300806,1.0,0.5889856159218924,0.000977855503344062,0.09778555033440621
AL,19,FL,AL,USA,55,416.74629722627003,0.19061670517056578,1.0,0.38725236740109115,0.00095198459366157,0.095198459366157
OH,399,OH,KY,USA,107,413.5509855442,0.18167024501303788,1.0,0.2172144038270876,0.0009446854586397993,0.09446854586397993
MD,242,DC,MD,USA,90,396.80076565580003,0.2770840769736871,1.0,0.19696430860688185,0.0009064224881459244,0.09064224881459244
NM,350,CO,NM,USA,42,396.11295495022,0.17611688565216732,1.0,0.28049496180230193,0.0009048513039520259,0.09048513039520259
DC,111,DC,MD,USA,74,372.4693231686,0.27293524018226656,1.0,0.19541996912334136,0.0008508415302740884,0.08508415302740883
MT,300,WY,MT,USA,42,371.43792355399995,0.1835155466803068,1.0,0.3072924051218554,0.0008484854768441172,0.08484854768441172
MD,249,VA,MD,USA,8,366.059636,0.17615030757291378,1.0,0.3104644986133015,0.0008361997122776001,0.08361997122776
MD,241,PA,MD,USA,35,352.35431675,0.23122974684530295,1.0,0.4392211073448514,0.0008048922888786362,0.08048922888786361
MN,279,MN,SD,USA,56,345.7335170159,0.1819436325637189,1.0,0.29136858283328754,0.0007897682208628388,0.07897682208628388
NY,361,NY,MA,USA,30,328.25730129010003,0.212565359053041,1.0,0.4650509143644361,0.0007498468388680886,0.07498468388680886
SD,460,SD,NE,USA,58,326.95507275166,0.14904615801568732,1.0,0.43276315215758376,0.000746872123761386,0.0746872123761386
WA,539,WA,OR,USA,41,320.75975078,0.19113393271569298,1.0,0.3059955296352079,0.0007327199858562683,0.07327199858562683
ND,380,MN,ND,USA,143,320.5435257825,0.17631619881191785,1.0,0.20286083207630481,0.0007322260573732691,0.0732226057373269
MA,259,NY,MA,USA,25,312.9949360901,0.2090562050759031,1.0,0.3133707617815925,0.0007149826142068487,0.07149826142068487
MO,299,MO,KS,USA,41,301.99542524094,0.15886350032745364,1.0,0.26527521389701925,0.0006898561405323189,0.06898561405323189
DC,111,DC,VA,USA,42,291.55066673023,0.24015096098049954,1.0,0.019012203424813225,0.000665996902302992,0.0665996902302992
KY,211,IN,KY,USA,9,285.42096929999997,0.2130275809391948,1.0,0.010506348354508512,0.0006519946722742567,0.06519946722742567
PA,429,WV,PA,USA,7,284.31392733,0.17998687054322074,1.0,0.01128900067114603,0.0006494658270103851,0.06494658270103851
MO,299,MO,TN,USA,4,284.128074,0.1543096010387615,1.0,0.0,0.0006490412773310759,0.0649041277331076
TN,479,MO,TN,USA,4,284.128074,0.1543096010387615,1.0,0.0,0.0006490412773310759,0.0649041277331076
NE,319,SD,NE,USA,50,283.73628101,0.14567743676040426,1.0,0.4294299815203144,0.0006481462942373639,0.06481462942373639
VA,513,WV,VA,USA,4,279.89371,0.16693210079377754,1.0,0.2822335032637794,0.0006393686076066307,0.06393686076066307
ND,380,SD,ND,USA,60,273.0293768583,0.15358692032617352,1.0,0.19274343454153028,0.0006236882297840752,0.06236882297840752
IN,183,IN,OH,USA,28,272.21445079471,0.17224167646950148,1.0,0.3538105557584911,0.0006218266726144628,0.062182667261446285
KS,209,NE,KS,USA,73,269.1063189045,0.15660315902812377,1.0,0.5391271888834611,0.0006147266846979736,0.061472668469797355
NE,319,NE,KS,USA,73,269.1063189045,0.15660315902812377,1.0,0.5391271888834611,0.0006147266846979736,0.061472668469797355
VT,500,VT,NY,USA,60,251.03311936161998,0.2267471285223958,1.0,0.33944027690045225,0.0005734415967739614,0.05734415967739614
WY,560,WY,SD,USA,20,231.31940750599998,0.16355717121074756,1.0,0.3385137860424279,0.0005284090431667864,0.05284090431667864
TN,479,TN,NC,USA,33,211.00500671193,0.1722773259682375,1.0,0.24590604639829947,0.0004820043199235683,0.04820043199235683
PA,423,PA,NY,USA,5,201.49126329999999,0.18433308664073342,1.0,0.0308603344746702,0.0004602718241185984,0.04602718241185984
WI,559,WI,MI,USA,114,194.14593549615,0.1714332112164978,1.0,0.2970514776309463,0.00044349269746240513,0.04434926974624051
LA,229,LA,AR,USA,54,184.95019136692,0.15937702795991196,1.0,0.23126589823959842,0.00042248661583301573,0.042248661583301574
AR,50,LA,AR,USA,46,169.78754429691998,0.1592737386962977,1.0,0.20156644512570326,0.0003878501799346289,0.03878501799346289
SD,460,SD,ND,USA,56,168.4362468583,0.15366830694993952,1.0,0.20651082272306814,0.00038476337544090573,0.03847633754409057
NH,339,VT,NH,USA,99,168.33920488299,0.22621084780654876,1.0,0.23697989988782836,0.0003845416998890209,0.03845416998890209
IA,190,WI,IA,USA,51,159.584261396,0.17998357684987726,1.0,0.4015719374820643,0.00036454255083007435,0.03645425508300743
VA,513,DC,VA,USA,41,156.09944334802,0.24261831876647008,1.0,0.0,0.0003565820887564557,0.035658208875645574
DE,109,MD,DE,USA,24,152.766264129,0.2251879584650074,1.0,0.21910254725090583,0.0003489680192721212,0.03489680192721212
MT,300,MT,ND,USA,31,141.7122145758,0.15453889180536634,1.0,0.2858250403932617,0.0003237169613928849,0.03237169613928849
ND,380,MT,ND,USA,31,141.7122145758,0.15453889180536634,1.0,0.2858250403932617,0.0003237169613928849,0.03237169613928849
WI,559,WI,IA,USA,52,139.142597801,0.191455836101504,1.0,0.3114519889807846,0.000317847117803379,0.0317847117803379
AR,50,MS,AR,USA,12,131.2167718,0.1631622593446316,1.0,0.34362702418878466,0.0002997419437557314,0.02997419437557314
KS,209,OK,KS,USA,59,120.166658419,0.15867477602408664,1.0,0.30944502024199705,0.0002744998773788008,0.02744998773788008
NY,361,VT,NY,USA,34,117.78703105922,0.24197308678554547,1.0,0.30313949009479446,0.0002690640316370541,0.02690640316370541
MD,242,PA,MD,USA,10,112.45431136900001,0.2020770867231781,1.0,0.22504783417166047,0.0002568823589474734,0.025688235894747342
MS,280,MS,AR,USA,8,106.25585799999999,0.16490450574953705,1.0,0.35814478689554413,0.00024272306790855665,0.024272306790855666
ID,160,ID,WY,USA,28,93.983723618,0.1848339488946337,1.0,0.5760734719459164,0.00021468950662495084,0.021468950662495084
TN,479,TN,MS,USA,19,92.74873424709999,0.16354052543056796,1.0,0.23025749818310934,0.00021186838772777617,0.021186838772777616
CO,89,OK,CO,USA,4,92.337962,0.15849632627549326,1.0,0.3496256796252251,0.00021093004981488856,0.021093004981488854
OK,409,OK,CO,USA,4,92.337962,0.15849632627549326,1.0,0.3496256796252251,0.00021093004981488856,0.021093004981488854
KS,209,MO,KS,USA,22,89.63278044094,0.1657316951759171,1.0,0.3213698838612604,0.00020475053200171825,0.020475053200171824
VA,519,VA,MD,USA,4,87.542846,0.1851341383071114,1.0,0.3373012090854438,0.00019997643945961378,0.019997643945961378
VA,519,VA,KY,USA,16,79.47818853,0.17342908819728975,1.0,0.3434770903359175,0.00018155412901391525,0.018155412901391527
KY,219,VA,KY,USA,16,79.47818853,0.17342908819728975,1.0,0.3434770903359175,0.00018155412901391525,0.018155412901391527
GA,139,NC,GA,USA,20,74.2146202,0.17904794476822566,1.0,0.397594355764339,0.000169530420606197,0.016953042060619698
MA,259,MA,CT,USA,23,70.65447518,0.24466171368328968,1.0,0.22074089469998023,0.0001613978871372774,0.01613978871372774
MI,269,WI,MI,USA,72,67.07525128614999,0.16823106056728876,1.0,0.29757072522077077,0.00015322177129200432,0.015322177129200433
NC,379,NC,GA,USA,16,66.64145500000001,0.18034858863276995,1.0,0.39201434511227123,0.00015223083895750977,0.015223083895750977
WY,560,ID,WY,USA,20,65.215666818,0.19013417320691559,1.0,0.5363934631639282,0.00014897387328769414,0.014897387328769414
VA,512,VA,NC,USA,14,64.0895372086,0.1818407338746592,1.0,0.09270199786057194,0.00014640142562409114,0.014640142562409114
PA,421,PA,MD,USA,16,61.7200602,0.23330934741425496,1.0,0.2736559254907052,0.00014098876659811833,0.014098876659811833
OH,394,IN,OH,USA,4,56.6627957,0.16848731008962545,1.0,0.12019549164756345,0.0001294363234879697,0.01294363234879697
MS,280,ME,AL,USA,4,49.007466099999995,0.16650629290147967,1.0,0.1967768707665282,0.00011194905152633173,0.011194905152633173
NY,362,PA,NY,USA,10,48.0206985417,0.22651726774847653,1.0,0.20645451990508273,0.00010969495228350965,0.010969495228350966
OR,419,OR,NV,USA,16,44.460846672500004,0.16382141649412965,1.0,0.15979788360130992,0.00010156308846671912,0.01015630884667191
KY,219,OH,KY,USA,21,38.90818656,0.17672110091781257,1.0,0.369343930699064,8.887900005100586e-05,0.008887900005100586
VT,500,VT,MA,USA,14,34.018509529999996,0.2319679720741808,1.0,0.4491830406997518,7.770938143286247e-05,0.007770938143286246
NV,329,OR,NV,USA,12,33.4987991095,0.16461674324142161,1.0,0.17355540889378615,7.65221931680253e-05,0.00765221931680253
WY,160,ID,WY,USA,4,28.786748,0.16320063153420097,1.0,0.4976869607100448,6.575833013997692e-05,0.0065758330139976924
PA,241,PA,MD,USA,4,27.16397,0.23344674327433318,1.0,0.827938023074688,6.205137541664758e-05,0.006205137541664758
CO,89,WY,CO,USA,22,26.5240222115,0.19201886362438317,1.0,0.2138858837533916,6.058952575066478e-05,0.006058952575066477
MA,259,VT,MA,USA,12,22.53135953,0.2322720137079711,1.0,0.5240468808163771,5.146898074337036e-05,0.005146898074337036
CT,99,MA,CT,USA,8,20.951847578,0.23263573264287413,1.0,0.3023475054408433,4.7860859798286346e-05,0.004786085979828635
NY,369,VT,NY,USA,24,20.1533181938,0.20601628913793293,1.0,0.45119071793231846,4.6036757997252894e-05,0.004603675799725289
WI,551,WI,IL,USA,9,19.813341415,0.18389951037793809,1.0,0.10194661171607436,4.526014004581718e-05,0.004526014004581718
CA,62,NV,CA,USA,8,18.914867343,0.20238008063478735,1.0,0.45214532635781346,4.320773194995358e-05,0.0043207731949953575
TN,472,TN,AL,USA,4,18.040054,0.1617123408941503,1.0,0.26617306898991483,4.120937268339624e-05,0.004120937268339624
UT,499,UT,NV,USA,8,17.10747688,0.1698978395356704,1.0,0.47705877129704555,3.90790620926359e-05,0.00390790620926359
NC,459,NC,SC,USA,2,16.26893,0.2127947178508403,1.0,0.0,3.7163547267102725e-05,0.0037163547267102725
MO,299,MO,NE,USA,12,15.0563717457,0.1766584894935974,1.0,0.4632630314223636,3.4393668363094064e-05,0.0034393668363094064
KY,219,RI,KS,USA,4,14.897832,0.16071620678592624,1.0,0.4531062177003303,3.403151182710574e-05,0.003403151182710574
NE,319,MO,NE,USA,8,14.1508406405,0.15873277284114834,1.0,0.5804539024788501,3.2325139699565975e-05,0.0032325139699565975
UT,499,ID,UT,USA,12,12.4619876907,0.2000094598747606,1.0,0.38034672842659295,2.846724822009694e-05,0.002846724822009694
CA,419,OR,CA,USA,4,12.4204472,0.16474829105270894,1.0,0.6549918690015694,2.8372356178049425e-05,0.0028372356178049426
LA,221,LA,MS,USA,8,10.40057769,0.18176797756639135,1.0,0.24187165045359932,2.375831481157575e-05,0.002375831481157575
UT,499,WY,UT,USA,19,9.77295821394,0.20913468019442452,1.0,0.41399432338997627,2.2324627035900885e-05,0.0022324627035900887
VA,513,WA,VT,USA,4,7.8406270000000005,0.20099680725092722,1.0,0.38697055760105725,1.791055171533849e-05,0.0017910551715338491
VA,513,AL,AL,USA,4,7.8406270000000005,0.20099680725092722,1.0,0.38697055760105725,1.791055171533849e-05,0.0017910551715338491
DC,111,VA,DC,USA,12,7.291043,0.2721040297040283,1.0,0.5094623122940852,1.6655122442408838e-05,0.0016655122442408839
NC,373,VA,NC,USA,12,7.0996775747,0.19904647173527681,1.0,0.2805047701734799,1.621798133795847e-05,0.001621798133795847
OK,409,MO,OK,USA,10,6.775509635500001,0.17745890767500966,1.0,0.2969456325593305,1.547747593711536e-05,0.0015477475937115358
CT,92,MA,CT,USA,8,6.32612321,0.2244828285452033,1.0,0.5248940847161601,1.4450930634795933e-05,0.0014450930634795933
OK,409,NM,OK,USA,4,6.121069,0.15987829302319043,1.0,0.5670480124599362,1.398251987725666e-05,0.0013982519877256661
PA,422,PA,MD,USA,4,6.01795559,0.16732529285126932,1.0,0.4482432383824555,1.3746975186462173e-05,0.0013746975186462174
NY,363,PA,NY,USA,13,5.9464996,0.22168174136647487,1.0,0.03928598710297492,1.3583746377813872e-05,0.0013583746377813872
ME,230,NH,ME,USA,38,5.896473187,0.18791400303599626,1.0,0.5270165360747419,1.3469469718923021e-05,0.0013469469718923022
OK,402,OK,KS,USA,7,5.8833919,0.16287019696764857,1.0,0.43339299997114183,1.3439587788904329e-05,0.001343958778890433
MO,299,MO,KY,USA,8,5.5169048982,0.1605575777474633,1.0,0.13948882939978868,1.2602411833621893e-05,0.0012602411833621894
MS,280,MA,AL,USA,4,5.10074306,0.1534921254618758,1.0,0.658702663105292,1.1651762335178539e-05,0.001165176233517854
NH,339,NH,ME,USA,26,4.347956936,0.18492023758266962,1.0,0.45286098538656305,9.932153073764724e-06,0.0009932153073764723
MS,280,IN,AL,USA,4,3.5169046,0.19818316986767065,1.0,0.5302447728145249,8.033758233392793e-06,0.0008033758233392793
CT,92,AR,AK,USA,4,3.19926167,0.25286318389666357,1.0,0.22411393537055668,7.3081580837138635e-06,0.0007308158083713863
NJ,342,DE,NJ,USA,3,3.1158012,0.19382650206831423,1.0,0.013824446283197534,7.117507123768765e-06,0.0007117507123768765
DE,109,DE,NJ,USA,3,3.1158012,0.19382650206831423,1.0,0.013824446283197534,7.117507123768765e-06,0.0007117507123768765
KY,219,MO,KY,USA,4,2.7584524491,0.1605575777474633,1.0,0.13948882939978868,6.3012059168109466e-06,0.0006301205916810947
VA,513,VA,DC,USA,6,2.325189,0.30123654944550554,1.0,0.6443682642572282,5.31149075608828e-06,0.000531149075608828
MD,241,MD,DE,USA,3,2.15618971,0.23559047720990547,1.0,0.0043824247180398,4.925441206300937e-06,0.0004925441206300937
ID,160,ID,NV,USA,8,2.00253984,0.17114775816887184,1.0,0.3994189086974457,4.574454742757902e-06,0.0004574454742757902
NV,329,ID,NV,USA,8,2.00253984,0.17114775816887184,1.0,0.3994189086974457,4.574454742757902e-06,0.0004574454742757902
NH,331,NH,ME,USA,13,1.940742251,0.2025555403740287,1.0,0.6347879039068884,4.43328887507057e-06,0.000443328887507057
SD,460,DC,MN,USA,3,1.8771873000000001,0.19173245012404658,1.0,0.5050058613282586,4.288108618867679e-06,0.00042881086188676786
SD,460,CO,IA,USA,3,1.8771873000000001,0.19173245012404658,1.0,0.5050058613282586,4.288108618867679e-06,0.00042881086188676786
NH,339,NH,MA,USA,9,1.6914356099,0.2631886054063278,1.0,0.48477783767838745,3.863791118271415e-06,0.0003863791118271415
MI,269,OH,MI,USA,3,1.5162227,0.16473163065584182,1.0,0.2145647845266466,3.4635476321370922e-06,0.00034635476321370924
SD,460,CO,KS,USA,4,1.41362310192,0.15645809972229646,1.0,0.16017917165710407,3.22917665550668e-06,0.000322917665550668
SD,460,DC,MI,USA,4,1.41362310192,0.15645809972229646,1.0,0.16017917165710407,3.22917665550668e-06,0.000322917665550668
MS,280,KS,FL,USA,3,1.4114445,0.1704406315391488,1.0,0.17243034572454585,3.2242000174960593e-06,0.0003224200017496059
MS,280,MN,ID,USA,3,1.4114445,0.1704406315391488,1.0,0.17243034572454585,3.2242000174960593e-06,0.0003224200017496059
LA,222,TX,LA,USA,2,0.7327451,0.21566532787120565,1.0,0.0,1.6738290200147098e-06,0.00016738290200147098
TX,482,TX,LA,USA,2,0.7327451,0.21566532787120565,1.0,0.0,1.6738290200147098e-06,0.00016738290200147098
ID,539,ID,WA,USA,3,0.69233202,0.1569540336495452,1.0,0.20487847930692968,1.5815123520599517e-06,0.00015815123520599515
KS,291,MO,KS,USA,1,0.372486,0.2811139210601204,1.0,0.0,8.508796256013164e-07,8.508796256013164e-05
AL,12,KS,AL,USA,2,0.35218509,0.2199594705040794,1.0,0.0,8.045057197359522e-07,8.045057197359521e-05
CO,81,CO,NE,USA,4,0.31921612,0.1765837914528789,1.0,0.5728235070208555,7.291938292217826e-07,7.291938292217826e-05
MA,259,NH,MA,USA,4,0.24630030990000001,0.2456266333387504,1.0,0.4831486806291709,5.626303148929093e-07,5.626303148929093e-05
VA,479,VA,TN,USA,3,0.216102617,0.1951948802750587,1.0,0.002911672399064933,4.936489259849355e-07,4.936489259849355e-05
AR,50,GA,AL,USA,4,0.147238615,0.18547974751881713,1.0,0.4198919519299237,3.3634106410779564e-07,3.3634106410779565e-05
NM,89,CO,NM,USA,4,0.0667562915,0.19708690227119555,1.0,0.3933046477031901,1.5249316301297858e-07,1.5249316301297858e-05
ID,160,CO,MI,USA,1,0.0660931,0.1193068565402439,1.0,0.0,1.5097821712179885e-07,1.5097821712179885e-05
ID,160,CO,MN,USA,1,0.0660931,0.1193068565402439,1.0,0.0,1.5097821712179885e-07,1.5097821712179885e-05
WV,519,WV,VA,USA,4,0.036281944000000003,0.20515182532266607,1.0,0.8330315411786071,8.287980468207646e-08,8.287980468207646e-06
