segment_id,mode,cost_bin,capacity_bin,reliability_bin,lane_count,capacity,unit_cost,transit_days,reliability,allocation,utilization,objective_score
truck|cost_4|cap_10|rel_2,truck,cost_4,cap_10,rel_2,151,30675.0536,0.16708577509941858,1.0,0.0,30675.0536,1.0,0.38726606854250983
truck|cost_4|cap_10|rel_1,truck,cost_4,cap_10,rel_1,152,29081.2779,0.16715803159677517,1.0,0.0,29081.2779,1.0,0.3874226767066364
truck|cost_5|cap_10|rel_2,truck,cost_5,cap_10,rel_2,122,22051.78375,0.17372143542613924,1.0,0.0,22051.78375,1.0,0.40164814655006226
truck|cost_3|cap_10|rel_2,truck,cost_3,cap_10,rel_2,112,21278.2515,0.16086622284784843,1.0,0.0,21278.2515,1.0,0.37378585990465507
truck|cost_3|cap_10|rel_1,truck,cost_3,cap_10,rel_1,105,17656.6686,0.16136731716784034,1.0,0.0,17656.6686,1.0,0.37487192779306766
truck|cost_2|cap_10|rel_1,truck,cost_2,cap_10,rel_1,92,14227.62765,0.15602518227000745,1.0,0.0,14227.62765,1.0,0.36329342662746167
truck|cost_5|cap_10|rel_1,truck,cost_5,cap_10,rel_1,89,13271.7305,0.17385753288882477,1.0,0.0,13271.7305,1.0,0.40194312312038055
truck|cost_2|cap_10|rel_2,truck,cost_2,cap_10,rel_2,90,12962.6732,0.15513242871013752,1.0,5.371910980585778e-05,12962.6732,1.0,0.3613466433031444
truck|cost_6|cap_10|rel_1,truck,cost_6,cap_10,rel_1,71,8859.0218,0.1808427024777515,1.0,0.0,8859.0218,1.0,0.4170827247542055
truck|cost_6|cap_10|rel_2,truck,cost_6,cap_10,rel_2,35,2778.4535,0.18194222636599727,1.0,0.0,2778.4535,1.0,0.41946582418264367
truck|cost_7|cap_10|rel_1,truck,cost_7,cap_10,rel_1,33,2666.02945,0.19412779577107575,1.0,0.0,2666.02945,1.0,0.44587673148068085
truck|cost_1|cap_10|rel_1,truck,cost_1,cap_10,rel_1,18,2661.6615,0.14749617678110755,1.0,0.0,2661.6615,1.0,0.3448077272051674
truck|cost_4|cap_10|rel_5,truck,cost_4,cap_10,rel_5,31,2475.1536,0.16699332124007965,1.0,0.7508404534710945,2475.1536,1.0,0.22162814303878886
truck|cost_1|cap_10|rel_2,truck,cost_1,cap_10,rel_2,15,2248.7515,0.1478423602774071,1.0,0.0,2248.7515,1.0,0.3455580425925688
truck|cost_3|cap_10|rel_4,truck,cost_3,cap_10,rel_4,14,1873.3445000000002,0.15962958363892804,1.0,0.44571695271700235,1873.3445000000002,1.0,0.27289787385926945
truck|cost_2|cap_10|rel_5,truck,cost_2,cap_10,rel_5,20,1735.1914,0.15483225936435613,1.0,0.8202370857583956,1735.1914,1.0,0.1799797435612023
truck|cost_3|cap_10|rel_5,truck,cost_3,cap_10,rel_5,18,1416.1038,0.16072381125971963,1.0,0.8089990593300471,1416.1038,1.0,0.19522519397954202
truck|cost_4|cap_10|rel_4,truck,cost_4,cap_10,rel_4,21,1264.2957,0.1682630197277349,1.0,0.3616026517378355,1264.2957,1.0,0.3101433642457047
truck|cost_10|cap_10|rel_2,truck,cost_10,cap_10,rel_2,17,1160.47165,0.27307972363270994,1.0,0.0,1160.47165,1.0,0.6169965190292148
truck|cost_2|cap_9|rel_1,truck,cost_2,cap_9,rel_1,59,1158.0570500000001,0.15397634139336833,1.0,0.0,1158.0570500000001,1.0,0.3588527850240587
truck|cost_5|cap_10|rel_4,truck,cost_5,cap_10,rel_4,7,1100.8986,0.17294758223181633,1.0,0.4139033373188338,1100.8986,1.0,0.30877289927126417
truck|cost_5|cap_9|rel_5,truck,cost_5,cap_9,rel_5,62,1066.96649,0.17364221387236053,1.0,0.7648982794310719,1066.96649,1.0,0.23294144876829165
truck|cost_7|cap_10|rel_2,truck,cost_7,cap_10,rel_2,15,1029.2148,0.19409055393357327,1.0,0.0,1029.2148,1.0,0.44579601381495765
truck|cost_6|cap_9|rel_5,truck,cost_6,cap_9,rel_5,60,948.6824300000001,0.18209084652032337,1.0,0.8380887159282973,948.6824300000001,1.0,0.23512642566000883
truck|cost_3|cap_9|rel_1,truck,cost_3,cap_9,rel_1,62,942.4621999999999,0.16143601587438666,1.0,0.0,942.4621999999999,1.0,0.3750208248293715
truck|cost_5|cap_9|rel_1,truck,cost_5,cap_9,rel_1,55,932.86055,0.1738774097328977,1.0,0.0,932.86055,1.0,0.40198620403590746
truck|cost_5|cap_10|rel_5,truck,cost_5,cap_10,rel_5,15,871.7413,0.17270736074923285,1.0,0.8258098457886877,871.7413,1.0,0.21749421540542677
truck|cost_6|cap_9|rel_2,truck,cost_6,cap_9,rel_2,31,813.6886999999999,0.18121910893502088,1.0,0.0,813.6886999999999,1.0,0.4178985451495315
truck|cost_7|cap_9|rel_1,truck,cost_7,cap_9,rel_1,46,805.50675,0.19070443995008765,1.0,0.0,805.50675,1.0,0.4384569769964438
truck|cost_5|cap_9|rel_2,truck,cost_5,cap_9,rel_2,38,768.4585500000001,0.17392502800637055,1.0,0.0,768.4585500000001,1.0,0.4020894115073499
truck|cost_6|cap_9|rel_1,truck,cost_6,cap_9,rel_1,40,727.99465,0.18171686035147494,1.0,0.0,727.99465,1.0,0.4189773676551057
truck|cost_8|cap_10|rel_2,truck,cost_8,cap_10,rel_2,4,725.3405,0.2078498114391848,1.0,0.0,725.3405,1.0,0.4756177203261922
truck|cost_2|cap_9|rel_2,truck,cost_2,cap_9,rel_2,35,724.23095,0.15464278131692244,1.0,4.412163635788e-05,724.23095,1.0,0.36028750006731214
truck|cost_8|cap_9|rel_5,truck,cost_8,cap_9,rel_5,35,670.43574,0.20488629106297032,1.0,0.7583098897230185,670.43574,1.0,0.3021112785494765
truck|cost_4|cap_9|rel_2,truck,cost_4,cap_9,rel_2,32,650.4353,0.1670628790489869,1.0,0.00015704866430711875,650.4353,1.0,0.3871818402731549
truck|cost_8|cap_9|rel_4,truck,cost_8,cap_9,rel_4,28,647.73614,0.2052530575445908,1.0,0.4433165115287562,647.73614,1.0,0.3723107371666109
truck|cost_1|cap_9|rel_1,truck,cost_1,cap_9,rel_1,37,645.56705,0.14258441210898748,1.0,0.0,645.56705,1.0,0.33416200708222643
truck|cost_4|cap_9|rel_1,truck,cost_4,cap_9,rel_1,34,643.0144,0.1675249479777637,1.0,0.0,643.0144,1.0,0.3882179283852638
truck|cost_8|cap_10|rel_1,truck,cost_8,cap_10,rel_1,7,573.54825,0.20304702230839192,1.0,0.0,573.54825,1.0,0.4652081929345114
truck|cost_9|cap_9|rel_2,truck,cost_9,cap_9,rel_2,26,571.3914,0.23001937710034454,1.0,8.610820243374615e-05,571.3914,1.0,0.5236488898147527
truck|cost_9|cap_10|rel_4,truck,cost_9,cap_10,rel_4,8,563.5334,0.22150061690527428,1.0,0.3801690950528372,563.5334,1.0,0.42143924894801876
truck|cost_10|cap_9|rel_2,truck,cost_10,cap_9,rel_2,37,558.03365,0.27300670786551323,1.0,0.0,558.03365,1.0,0.6168382652296078
truck|cost_7|cap_9|rel_5,truck,cost_7,cap_9,rel_5,38,553.66449,0.19184465659202013,1.0,0.7522400557905344,553.66449,1.0,0.2751823483962023
truck|cost_8|cap_9|rel_1,truck,cost_8,cap_9,rel_1,29,532.50015,0.20586119170883624,1.0,0.0,532.50015,1.0,0.47130760156166446
truck|cost_6|cap_9|rel_4,truck,cost_6,cap_9,rel_4,32,509.3044,0.18322373759328714,1.0,0.4289382344515089,509.3044,1.0,0.3277326212924327
truck|cost_2|cap_9|rel_5,truck,cost_2,cap_9,rel_5,24,506.595,0.15521317530702886,1.0,0.7549890461678773,506.595,1.0,0.1951818610784538
truck|cost_2|cap_10|rel_4,truck,cost_2,cap_10,rel_4,8,499.8102,0.1565050064971535,1.0,0.3851359878920925,499.8102,1.0,0.2794738864127783
truck|cost_3|cap_9|rel_2,truck,cost_3,cap_9,rel_2,21,485.06,0.16144740017787101,1.0,0.0,485.06,1.0,0.37504549907921425
truck|cost_7|cap_9|rel_2,truck,cost_7,cap_9,rel_2,29,484.59305,0.19141114057867734,1.0,0.0,484.59305,1.0,0.43998867438116906
truck|cost_8|cap_9|rel_2,truck,cost_8,cap_9,rel_2,30,416.2713,0.20687147495174282,1.0,0.0001115876333196,416.2713,1.0,0.4734726946909917
truck|cost_9|cap_10|rel_2,truck,cost_9,cap_10,rel_2,8,411.5896,0.224873751941404,1.0,0.0,411.5896,1.0,0.5125152750899465
truck|cost_3|cap_9|rel_5,truck,cost_3,cap_9,rel_5,17,390.02244,0.16193751934704642,1.0,0.7841137363072855,390.02244,1.0,0.20333891979430338
truck|cost_9|cap_9|rel_1,truck,cost_9,cap_9,rel_1,19,379.9055,0.22576983848090543,1.0,0.0,379.9055,1.0,0.5144574460086012
truck|cost_3|cap_9|rel_3,truck,cost_3,cap_9,rel_3,22,373.83103,0.1603462266902467,1.0,0.14549078803497825,373.83103,1.0,0.3406018963735443
truck|cost_7|cap_8|rel_5,truck,cost_7,cap_8,rel_5,67,369.62818,0.19188433385607265,1.0,0.7798192340998957,369.62818,1.0,0.26919164554654296
truck|cost_1|cap_9|rel_2,truck,cost_1,cap_9,rel_2,26,367.58215,0.14167088977310316,1.0,0.00011073970623516922,367.58215,1.0,0.3321576459586646
truck|cost_4|cap_9|rel_5,truck,cost_4,cap_9,rel_5,27,358.05174,0.16673107704291182,1.0,0.7831610555840023,358.05174,1.0,0.2139383493626082
truck|cost_3|cap_9|rel_4,truck,cost_3,cap_9,rel_4,26,354.87575,0.16048125762319604,1.0,0.41826441096553324,354.87575,1.0,0.28079258174145105
truck|cost_6|cap_8|rel_5,truck,cost_6,cap_8,rel_5,66,353.37702,0.18202053610123173,1.0,0.7940437173543553,353.37702,1.0,0.24467875530969802
truck|cost_10|cap_10|rel_1,truck,cost_10,cap_10,rel_1,4,347.5895,0.276552063208498,1.0,0.0,347.5895,1.0,0.6245224405183842
truck|cost_4|cap_9|rel_4,truck,cost_4,cap_9,rel_4,19,346.49036,0.16551897269463386,1.0,0.44057896572005295,346.49036,1.0,0.2867945753464577
truck|cost_7|cap_9|rel_4,truck,cost_7,cap_9,rel_4,24,340.16224,0.19146976000470192,1.0,0.40762690673682567,340.16224,1.0,0.35030064832744956
truck|cost_8|cap_8|rel_5,truck,cost_8,cap_8,rel_5,61,332.86969,0.20432307229013125,1.0,0.7621980255246066,332.86969,1.0,0.30003386445850583
truck|cost_2|cap_9|rel_4,truck,cost_2,cap_9,rel_4,19,330.01516,0.15671158952595085,1.0,0.4257520806470414,330.01516,1.0,0.27097242598033
truck|cost_10|cap_9|rel_4,truck,cost_10,cap_9,rel_4,17,329.01043999999996,0.26763051503429824,1.0,0.4348564374224221,329.01043999999996,1.0,0.5093712109168864
truck|cost_10|cap_10|rel_3,truck,cost_10,cap_10,rel_3,2,323.488,0.2835932090216638,1.0,0.1571866972997083,323.488,1.0,0.6051494011669369
truck|cost_9|cap_10|rel_1,truck,cost_9,cap_10,rel_1,6,323.38085,0.2205192098760108,1.0,0.0,323.38085,1.0,0.50307727486268
truck|cost_10|cap_10|rel_4,truck,cost_10,cap_10,rel_4,3,309.534,0.2756391866483165,1.0,0.4213686989503382,309.534,1.0,0.5297009835941142
truck|cost_9|cap_9|rel_5,truck,cost_9,cap_9,rel_5,20,307.74242,0.22444587413884057,1.0,0.7514003301718813,307.74242,1.0,0.3460269931086717
truck|cost_9|cap_9|rel_4,truck,cost_9,cap_9,rel_4,22,296.08862,0.22956910827239455,1.0,0.4431034461648587,296.08862,1.0,0.4250601003582777
truck|cost_5|cap_9|rel_4,truck,cost_5,cap_9,rel_4,21,288.8449,0.17411184257360096,1.0,0.4038546761750042,288.8449,1.0,0.3135103945941231
truck|cost_6|cap_8|rel_1,truck,cost_6,cap_8,rel_1,56,286.97202,0.18256998702490163,1.0,0.0,286.97202,1.0,0.42082642769787765
truck|cost_5|cap_8|rel_5,truck,cost_5,cap_8,rel_5,50,276.23047,0.17446872545870482,1.0,0.7961995176463371,276.23047,1.0,0.2278360188669604
truck|cost_1|cap_10|rel_4,truck,cost_1,cap_10,rel_4,2,262.566,0.1455565457827746,1.0,0.5444569112325268,262.566,1.0,0.22064006749754084
truck|cost_1|cap_10|rel_5,truck,cost_1,cap_10,rel_5,5,259.2767,0.14444793746702891,1.0,0.753928035290143,259.2767,1.0,0.17208314864558422
truck|cost_4|cap_8|rel_5,truck,cost_4,cap_8,rel_5,39,236.98642,0.1672748304567921,1.0,0.799252546343677,236.98642,1.0,0.21157133382133836
truck|cost_10|cap_9|rel_1,truck,cost_10,cap_9,rel_1,17,234.63715000000002,0.2820421924782781,1.0,0.0,234.63715000000002,1.0,0.6364217035218818
truck|cost_4|cap_10|rel_3,truck,cost_4,cap_10,rel_3,3,232.3016,0.16711993878192954,1.0,0.19845617326495724,232.3016,1.0,0.3436129802054634
truck|cost_9|cap_8|rel_2,truck,cost_9,cap_8,rel_2,41,228.600405,0.23032955675885994,1.0,0.0,228.600405,1.0,0.5243401435454134
truck|cost_6|cap_8|rel_4,truck,cost_6,cap_8,rel_4,41,223.80223,0.18218913042876939,1.0,0.4389029987163332,223.80223,1.0,0.32329462078926635
truck|cost_3|cap_8|rel_2,truck,cost_3,cap_8,rel_2,39,216.00477,0.16102640843427188,1.0,1.614667415869219e-07,216.00477,1.0,0.37413300930791427
truck|cost_8|cap_8|rel_1,truck,cost_8,cap_8,rel_1,45,212.429525,0.20504794205588778,1.0,0.0,212.429525,1.0,0.4695449706594736
truck|cost_1|cap_8|rel_2,truck,cost_1,cap_8,rel_2,46,198.23656,0.1418323169657394,1.0,0.0,198.23656,1.0,0.33253192198342496
truck|cost_3|cap_10|rel_3,truck,cost_3,cap_10,rel_3,2,195.8492,0.1624341585260496,1.0,0.1820250977171303,195.8492,1.0,0.3370774222598846
truck|cost_9|cap_9|rel_3,truck,cost_9,cap_9,rel_3,13,194.86525,0.22965117544407765,1.0,0.10910112201251615,194.86525,1.0,0.498830868150073
truck|cost_8|cap_10|rel_5,truck,cost_8,cap_10,rel_5,3,190.8036,0.2118309088507764,1.0,0.667076037057102,190.8036,1.0,0.33726513438166444
truck|cost_1|cap_9|rel_3,truck,cost_1,cap_9,rel_3,10,190.57965000000002,0.14480069299936318,1.0,0.08607347079493319,190.57965000000002,1.0,0.3200004313726573
truck|cost_5|cap_8|rel_4,truck,cost_5,cap_8,rel_4,38,189.41465,0.17438078042410968,1.0,0.4241411921680209,189.41465,1.0,0.3096234288731982
truck|cost_7|cap_8|rel_4,truck,cost_7,cap_8,rel_4,32,189.02471,0.1919253284367103,1.0,0.4234852767969088,189.02471,1.0,0.34779386634408804
truck|cost_3|cap_8|rel_5,truck,cost_3,cap_8,rel_5,37,188.34392,0.161792587218023,1.0,0.783341765196016,188.34392,1.0,0.2031948884341148
truck|cost_9|cap_8|rel_5,truck,cost_9,cap_8,rel_5,36,187.78291000000002,0.22739745514245108,1.0,0.7719752277115465,187.78291000000002,1.0,0.3478908260861976
truck|cost_2|cap_8|rel_2,truck,cost_2,cap_8,rel_2,40,185.67459,0.15599149365534443,1.0,2.7150670685615e-05,185.67459,1.0,0.36321442790579844
truck|cost_7|cap_8|rel_1,truck,cost_7,cap_8,rel_1,41,182.632545,0.192535101614203,1.0,0.0,182.632545,1.0,0.44242473869044163
truck|cost_6|cap_10|rel_4,truck,cost_6,cap_10,rel_4,3,168.0169,0.18103525767747788,1.0,0.46927128381860816,168.0169,1.0,0.314102485052706
truck|cost_4|cap_8|rel_4,truck,cost_4,cap_8,rel_4,28,163.12354,0.1658904929517475,1.0,0.4520150199437135,163.12354,1.0,0.2850800255098025
truck|cost_6|cap_9|rel_3,truck,cost_6,cap_9,rel_3,10,157.0804,0.18194875482292744,1.0,0.16092982926318192,157.0804,1.0,0.38402126197847386
truck|cost_8|cap_8|rel_4,truck,cost_8,cap_8,rel_4,29,154.90063,0.20637433701507024,1.0,0.4497001998757541,154.90063,1.0,0.37333443006009637
truck|cost_9|cap_8|rel_4,truck,cost_9,cap_8,rel_4,29,154.89998,0.22440406877084004,1.0,0.41686208562230564,154.89998,1.0,0.4196473633454219
truck|cost_5|cap_8|rel_1,truck,cost_5,cap_8,rel_1,29,152.69999,0.1739864438341578,1.0,0.0,152.69999,1.0,0.4022225236895057
truck|cost_10|cap_10|rel_5,truck,cost_10,cap_10,rel_5,2,146.75150000000002,0.2887556175183964,1.0,0.8651059784738145,146.75150000000002,1.0,0.4603579229824683
truck|cost_7|cap_10|rel_4,truck,cost_7,cap_10,rel_4,2,138.8122,0.1876650611401591,1.0,0.3469050661477579,138.8122,1.0,0.3554336104775244
truck|cost_1|cap_9|rel_5,truck,cost_1,cap_9,rel_5,7,137.7766,0.1363461642796485,1.0,0.7843150982150204,137.7766,1.0,0.14782805070465152
truck|cost_7|cap_9|rel_3,truck,cost_7,cap_9,rel_3,9,137.58745,0.18862927953463035,1.0,0.12047875905751064,137.58745,1.0,0.40741342507820427
truck|cost_7|cap_10|rel_5,truck,cost_7,cap_10,rel_5,2,136.8866,0.1934360266088865,1.0,0.594055478669411,136.8866,1.0,0.31348530399550073
truck|cost_8|cap_7|rel_4,truck,cost_8,cap_7,rel_4,61,133.97129999999999,0.20608119660277874,1.0,0.4042864333406668,133.97129999999999,1.0,0.38270538924791253
truck|cost_9|cap_8|rel_1,truck,cost_9,cap_8,rel_1,20,132.14448,0.22811217236793016,1.0,0.0,132.14448,1.0,0.5195342020546074
truck|cost_9|cap_7|rel_5,truck,cost_9,cap_7,rel_5,70,131.85963,0.22657717489974263,1.0,0.8173486523952543,131.85963,1.0,0.3361155365084534
truck|cost_4|cap_8|rel_1,truck,cost_4,cap_8,rel_1,21,131.5014,0.16676830331539066,1.0,0.0,131.5014,1.0,0.3865779826944895
truck|cost_4|cap_9|rel_3,truck,cost_4,cap_9,rel_3,11,130.77535,0.16757424064656543,1.0,0.057780400523789625,130.77535,1.0,0.3755936349269327
truck|cost_8|cap_10|rel_3,truck,cost_8,cap_10,rel_3,3,130.67759999999998,0.1999589064996602,1.0,0.18571557987048606,130.67759999999998,1.0,0.41759511807025246
truck|cost_6|cap_10|rel_5,truck,cost_6,cap_10,rel_5,2,129.5394,0.1784028643022895,1.0,0.5969423729915029,129.5394,1.0,0.28026645810703743
truck|cost_10|cap_9|rel_5,truck,cost_10,cap_9,rel_5,12,128.299,0.2751373128518743,1.0,0.7496175130691624,128.299,1.0,0.45628803836740695
truck|cost_8|cap_9|rel_3,truck,cost_8,cap_9,rel_3,11,121.0752,0.2086037870588603,1.0,0.03457584782762066,121.0752,1.0,0.4696335605893753
truck|cost_2|cap_8|rel_4,truck,cost_2,cap_8,rel_4,22,120.74906,0.15513447574470465,1.0,0.35262329806561166,120.74906,1.0,0.2836671404341818
truck|cost_2|cap_8|rel_1,truck,cost_2,cap_8,rel_1,21,118.821685,0.15645220663795292,1.0,0.0,118.821685,1.0,0.3642189558843145
truck|cost_10|cap_8|rel_2,truck,cost_10,cap_8,rel_2,24,118.51394,0.28081184993497627,1.0,0.0,118.51394,1.0,0.6337550687692675
truck|cost_10|cap_8|rel_5,truck,cost_10,cap_8,rel_5,23,116.29907,0.25833345952508974,1.0,0.8272241379052108,116.29907,1.0,0.402767928360912
truck|cost_3|cap_8|rel_4,truck,cost_3,cap_8,rel_4,19,115.7578,0.16103978185001197,1.0,0.4298666543691268,115.7578,1.0,0.27944672529934195
truck|cost_5|cap_7|rel_4,truck,cost_5,cap_7,rel_4,54,111.841,0.1738617209483681,1.0,0.3871431815516104,111.841,1.0,0.3166504348331478
truck|cost_1|cap_9|rel_4,truck,cost_1,cap_9,rel_4,8,111.3674,0.14144267862138754,1.0,0.30827413941232484,111.3674,1.0,0.2637633844850005
truck|cost_2|cap_9|rel_3,truck,cost_2,cap_9,rel_3,8,106.66434,0.15357565183808067,1.0,0.19879944337774277,106.66434,1.0,0.3141815642712441
truck|cost_4|cap_8|rel_2,truck,cost_4,cap_8,rel_2,18,106.183575,0.16655057501990234,1.0,0.0,106.183575,1.0,0.38610608009912084
truck|cost_2|cap_10|rel_3,truck,cost_2,cap_10,rel_3,1,106.155,0.157817342565117,1.0,0.1787705950927771,106.155,1.0,0.3277880573028489
truck|cost_7|cap_7|rel_5,truck,cost_7,cap_7,rel_5,53,106.00459000000001,0.19206031329648296,1.0,0.8166554883463916,106.00459000000001,1.0,0.2614566914450754
truck|cost_6|cap_7|rel_5,truck,cost_6,cap_7,rel_5,51,105.61323,0.1820944094748353,1.0,0.7978178688087587,105.61323,1.0,0.24400728463637522
truck|cost_3|cap_7|rel_5,truck,cost_3,cap_7,rel_5,44,105.02835,0.1612120074576386,1.0,0.7756045563410758,105.02835,1.0,0.2036413337829278
truck|cost_9|cap_7|rel_4,truck,cost_9,cap_7,rel_4,48,104.02826999999999,0.22407955193261742,1.0,0.4264476534032562,104.02826999999999,1.0,0.4168319578491994
truck|cost_10|cap_9|rel_3,truck,cost_10,cap_9,rel_3,6,103.71564000000001,0.28236125349176683,1.0,0.18025730500491102,103.71564000000001,1.0,0.5973959739719347
truck|cost_8|cap_8|rel_2,truck,cost_8,cap_8,rel_2,19,94.324475,0.2052000269894776,1.0,0.0006064597435949047,94.324475,1.0,0.46974097314399976
truck|cost_5|cap_8|rel_3,truck,cost_5,cap_8,rel_3,15,93.37302,0.1725460062643172,1.0,0.10270461281109135,93.37302,1.0,0.37647095787467855
truck|cost_6|cap_8|rel_3,truck,cost_6,cap_8,rel_3,18,88.014855,0.18285415313760175,1.0,0.10128182419174718,88.014855,1.0,0.39912624657646145
truck|cost_8|cap_8|rel_3,truck,cost_8,cap_8,rel_3,14,87.56922,0.20328450528860348,1.0,0.09978603581600647,87.56922,1.0,0.44373640790276336
truck|cost_1|cap_8|rel_5,truck,cost_1,cap_8,rel_5,15,87.33931,0.1439095840651426,1.0,0.798338244623075,87.33931,1.0,0.1611311365643066
truck|cost_8|cap_7|rel_5,truck,cost_8,cap_7,rel_5,47,87.11708,0.205355695081679,1.0,0.8366105196615087,87.11708,1.0,0.2858761760315418
truck|cost_6|cap_7|rel_4,truck,cost_6,cap_7,rel_4,43,86.69132,0.1819232709700174,1.0,0.4528883745399079,86.69132,1.0,0.31963691062404864
truck|cost_9|cap_8|rel_3,truck,cost_9,cap_8,rel_3,17,86.14749,0.22580478368559617,1.0,0.14021372174408972,86.14749,1.0,0.48363898822739243
truck|cost_5|cap_7|rel_5,truck,cost_5,cap_7,rel_5,36,84.86653,0.17417374104273514,1.0,0.7619175412815723,84.86653,1.0,0.23475024192568567
truck|cost_1|cap_8|rel_1,truck,cost_1,cap_8,rel_1,14,83.48835,0.14302470395937833,1.0,0.0,83.48835,1.0,0.33511629217619243
truck|cost_10|cap_7|rel_5,truck,cost_10,cap_7,rel_5,45,82.43082,0.2608407634136157,1.0,0.847277670622264,82.43082,1.0,0.4037837143023544
truck|cost_2|cap_8|rel_5,truck,cost_2,cap_8,rel_5,16,76.57316,0.15527124290499034,1.0,0.8519985383289149,76.57316,1.0,0.17393298641064428
truck|cost_4|cap_7|rel_5,truck,cost_4,cap_7,rel_5,36,75.76505,0.16688302667683386,1.0,0.7618372056052022,75.76505,1.0,0.2189661058251925
truck|cost_9|cap_7|rel_2,truck,cost_9,cap_7,rel_2,33,75.71248,0.22731327668723034,1.0,7.729064037907887e-05,75.71248,1.0,0.5177856518914317
truck|cost_10|cap_8|rel_1,truck,cost_10,cap_8,rel_1,18,75.13875,0.2775875420009907,1.0,0.0,75.13875,1.0,0.6267667291099546
truck|cost_3|cap_8|rel_3,truck,cost_3,cap_8,rel_3,13,71.41697,0.16080059293702942,1.0,0.1546081178875065,71.41697,1.0,0.33957780584685815
truck|cost_2|cap_7|rel_4,truck,cost_2,cap_7,rel_4,30,70.58463,0.15416429677322274,1.0,0.355711456105256,70.58463,1.0,0.28088394829238256
truck|cost_4|cap_8|rel_3,truck,cost_4,cap_8,rel_3,13,70.19179,0.16740817770474786,1.0,0.16152777322428802,70.19179,1.0,0.35237438061649107
truck|cost_6|cap_8|rel_2,truck,cost_6,cap_8,rel_2,10,68.67214,0.18116728129074086,1.0,0.0,68.67214,1.0,0.41778621432090524
truck|cost_3|cap_8|rel_1,truck,cost_3,cap_8,rel_1,12,66.51988,0.16137259810537172,1.0,0.0,66.51988,1.0,0.3748833736555425
truck|cost_2|cap_7|rel_1,truck,cost_2,cap_7,rel_1,31,64.787225,0.1547197908143098,1.0,0.0,64.787225,1.0,0.3604641314523251
truck|cost_6|cap_7|rel_3,truck,cost_6,cap_7,rel_3,27,63.638415,0.18095529264280089,1.0,0.10015353043002985,63.638415,1.0,0.39525927554779505
truck|cost_10|cap_7|rel_4,truck,cost_10,cap_7,rel_4,28,61.87992,0.2788218061818028,1.0,0.36334668490643107,61.87992,1.0,0.549383334415353
truck|cost_7|cap_7|rel_4,truck,cost_7,cap_7,rel_4,32,60.59985,0.19343425019546434,1.0,0.3968412328518877,60.59985,1.0,0.35693494632404715
truck|cost_4|cap_7|rel_4,truck,cost_4,cap_7,rel_4,27,57.86601,0.16713950009149028,1.0,0.42137944378224934,57.86601,1.0,0.2945372487425543
truck|cost_2|cap_7|rel_5,truck,cost_2,cap_7,rel_5,26,56.285920000000004,0.15550425665031542,1.0,0.7745709558053527,56.285920000000004,1.0,0.19149813947302635
truck|cost_3|cap_7|rel_1,truck,cost_3,cap_7,rel_1,21,56.235845,0.16065811113072323,1.0,0.0,56.235845,1.0,0.3733348002056033
truck|cost_1|cap_7|rel_2,truck,cost_1,cap_7,rel_2,25,55.73139,0.1398830461384183,1.0,0.000184463713282008,55.73139,1.0,0.3282664436367988
truck|cost_10|cap_8|rel_4,truck,cost_10,cap_8,rel_4,11,54.89709,0.26848731582848495,1.0,0.42680096126835065,54.89709,1.0,0.513003149471778
truck|cost_9|cap_7|rel_3,truck,cost_9,cap_7,rel_3,27,54.7104,0.22983145452519965,1.0,0.05976408678431387,54.7104,1.0,0.5100923522344509
truck|cost_7|cap_7|rel_3,truck,cost_7,cap_7,rel_3,27,54.563695,0.19216069857461046,1.0,0.11318909878909517,54.563695,1.0,0.41667357300939184
truck|cost_9|cap_10|rel_5,truck,cost_9,cap_10,rel_5,1,53.8962,0.216271277010253,1.0,0.5838460356060396,53.8962,1.0,0.3652277588691423
truck|cost_3|cap_7|rel_4,truck,cost_3,cap_7,rel_4,26,52.59223,0.1613890014110241,1.0,0.4212818406224582,52.59223,1.0,0.2820951686625076
truck|cost_10|cap_7|rel_2,truck,cost_10,cap_7,rel_2,27,52.263565,0.28258897157792146,1.0,8.586364348175555e-05,52.263565,1.0,0.6375878693495634
truck|cost_5|cap_8|rel_2,truck,cost_5,cap_8,rel_2,11,51.661705,0.1736860233025144,1.0,0.0,51.661705,1.0,0.401571394591808
truck|cost_7|cap_8|rel_2,truck,cost_7,cap_8,rel_2,10,51.560105,0.19118520166099434,1.0,0.0,51.560105,1.0,0.4394989761478262
truck|cost_8|cap_6|rel_5,truck,cost_8,cap_6,rel_5,55,51.087502,0.20739460184621447,1.0,0.8312265287205088,51.087502,1.0,0.2914815761248836
truck|cost_1|cap_8|rel_4,truck,cost_1,cap_8,rel_4,7,49.83414,0.14558098489220167,1.0,0.3963965783556175,49.83414,1.0,0.2533161290424846
truck|cost_1|cap_7|rel_1,truck,cost_1,cap_7,rel_1,25,49.74033,0.14355195202990945,1.0,0.0,49.74033,1.0,0.33625904549784374
truck|cost_7|cap_8|rel_3,truck,cost_7,cap_8,rel_3,11,49.479895,0.1906686703502361,1.0,0.10774441387283726,49.479895,1.0,0.41463942547277294
truck|cost_9|cap_10|rel_3,truck,cost_9,cap_10,rel_3,1,47.8343,0.2346935149045768,1.0,0.2247512305101573,47.8343,1.0,0.484277657351303
truck|cost_2|cap_7|rel_2,truck,cost_2,cap_7,rel_2,22,47.020255,0.1536126113813561,1.0,0.0,47.020255,1.0,0.35806443945649213
truck|cost_2|cap_8|rel_3,truck,cost_2,cap_8,rel_3,10,46.14434,0.1543627396217006,1.0,0.09663895183141132,46.14434,1.0,0.33839717513395784
truck|cost_10|cap_7|rel_1,truck,cost_10,cap_7,rel_1,21,46.1239,0.2852911612114678,1.0,0.0,46.1239,1.0,0.6434634928034506
truck|cost_6|cap_7|rel_1,truck,cost_6,cap_7,rel_1,17,42.642830000000004,0.1828558189859851,1.0,0.0,42.642830000000004,1.0,0.42144593764247207
truck|cost_7|cap_7|rel_1,truck,cost_7,cap_7,rel_1,19,42.49195,0.19245483695579751,1.0,0.0,42.49195,1.0,0.44225077370103594
truck|cost_10|cap_8|rel_3,truck,cost_10,cap_8,rel_3,9,39.81388,0.2886757665320927,1.0,0.16439311382198377,39.81388,1.0,0.614577459902439
truck|cost_5|cap_7|rel_3,truck,cost_5,cap_7,rel_3,21,39.398255,0.17396457070825871,1.0,0.09557862596896514,39.398255,1.0,0.38111565814401893
truck|cost_8|cap_7|rel_1,truck,cost_8,cap_7,rel_1,17,38.637945,0.2062022526310686,1.0,0.0,38.637945,1.0,0.4720468143223179
truck|cost_1|cap_7|rel_4,truck,cost_1,cap_7,rel_4,17,38.23268,0.13532774013297905,1.0,0.38650763636353525,38.23268,1.0,0.2332722216441806
truck|cost_5|cap_9|rel_3,truck,cost_5,cap_9,rel_3,4,38.0316,0.17209089550821516,1.0,0.10257471437718813,38.0316,1.0,0.3755131757645553
truck|cost_7|cap_6|rel_5,truck,cost_7,cap_6,rel_5,46,38.013358,0.19110270426307815,1.0,0.800742716002896,38.013358,1.0,0.26288734138472125
truck|cost_7|cap_6|rel_4,truck,cost_7,cap_6,rel_4,46,37.878316,0.19110482006647722,1.0,0.44469255604847285,37.878316,1.0,0.3413427657177277
truck|cost_2|cap_7|rel_3,truck,cost_2,cap_7,rel_3,19,37.657045000000004,0.15372947303949705,1.0,0.12511561443123517,37.657045000000004,1.0,0.33075019055569915
truck|cost_4|cap_7|rel_1,truck,cost_4,cap_7,rel_1,18,36.761245,0.16675353498471884,1.0,0.0,36.761245,1.0,0.3865459739307334
truck|cost_9|cap_6|rel_4,truck,cost_9,cap_6,rel_4,45,35.638887,0.2263152696388954,1.0,0.4212269417972548,35.638887,1.0,0.42282794803614954
truck|cost_1|cap_7|rel_3,truck,cost_1,cap_7,rel_3,18,35.1428,0.14262014755160599,1.0,0.07377219618776948,35.1428,1.0,0.3179847538505391
truck|cost_6|cap_6|rel_5,truck,cost_6,cap_6,rel_5,44,35.119438,0.18278364590879229,1.0,0.7925485920940538,35.119438,1.0,0.2466621441406825
truck|cost_9|cap_6|rel_1,truck,cost_9,cap_6,rel_1,39,35.03634,0.2265468971891807,1.0,0.0,35.03634,1.0,0.5161416369419225
truck|cost_8|cap_7|rel_3,truck,cost_8,cap_7,rel_3,16,34.43855,0.2066252718725389,1.0,0.13190988572115547,34.43855,1.0,0.4438991031471933
truck|cost_6|cap_6|rel_4,truck,cost_6,cap_6,rel_4,37,34.014876,0.18113698811427237,1.0,0.3827525897458071,34.014876,1.0,0.33338619921270296
truck|cost_4|cap_6|rel_4,truck,cost_4,cap_6,rel_4,39,32.940314,0.16666126840402384,1.0,0.3608991220751048,32.940314,1.0,0.3068267542719782
truck|cost_3|cap_6|rel_4,truck,cost_3,cap_6,rel_4,37,32.429066,0.16110281005269478,1.0,0.41359340926059335,32.429066,1.0,0.28316892165771285
truck|cost_10|cap_6|rel_1,truck,cost_10,cap_6,rel_1,40,31.801685,0.28048084461324285,1.0,0.0,31.801685,1.0,0.6330376504380556
truck|cost_4|cap_7|rel_3,truck,cost_4,cap_7,rel_3,16,31.73032,0.1666780669547401,1.0,0.17497478770864855,31.73032,1.0,0.34782907649546024
truck|cost_8|cap_6|rel_4,truck,cost_8,cap_6,rel_4,37,31.539132,0.20705075431158398,1.0,0.400875641142905,31.539132,1.0,0.38555832294424575
truck|cost_10|cap_6|rel_5,truck,cost_10,cap_6,rel_5,37,31.383462,0.2778144470182202,1.0,0.7454812177081772,31.383462,1.0,0.46300181466140033
truck|cost_7|cap_6|rel_3,truck,cost_7,cap_6,rel_3,39,31.225702,0.19294219455624115,1.0,0.11402588404741668,31.225702,1.0,0.418183006936671
truck|cost_9|cap_6|rel_2,truck,cost_9,cap_6,rel_2,37,30.434695,0.2274745967099178,1.0,0.0,30.434695,1.0,0.5181523255874945
truck|cost_9|cap_6|rel_5,truck,cost_9,cap_6,rel_5,31,30.245285,0.22738961213465694,1.0,0.7980470013418316,30.245285,1.0,0.34212926441231983
truck|cost_3|cap_7|rel_3,truck,cost_3,cap_7,rel_3,13,29.14338,0.16152787239657557,1.0,0.15503530639050228,29.14338,1.0,0.34105998041738295
truck|cost_9|cap_6|rel_3,truck,cost_9,cap_6,rel_3,33,28.108967,0.22938604514753352,1.0,0.0904247513467732,28.108967,1.0,0.5023713125815829
truck|cost_9|cap_7|rel_1,truck,cost_9,cap_7,rel_1,13,26.36345,0.22256284612379854,1.0,0.0,26.36345,1.0,0.507506635994441
truck|cost_7|cap_6|rel_2,truck,cost_7,cap_6,rel_2,34,26.169,0.1929274944414529,1.0,0.00011317533943413634,26.169,1.0,0.4432502711625528
truck|cost_8|cap_7|rel_2,truck,cost_8,cap_7,rel_2,12,25.178335,0.2075628960947209,1.0,0.0,25.178335,1.0,0.47499586226497903
truck|cost_1|cap_6|rel_5,truck,cost_1,cap_6,rel_5,26,25.084083,0.13181258514200736,1.0,0.743668118103372,25.084083,1.0,0.14695801941084763
truck|cost_10|cap_6|rel_4,truck,cost_10,cap_6,rel_4,29,23.695793000000002,0.29229668702397854,1.0,0.39606470043806025,23.695793000000002,1.0,0.5713797128437231
truck|cost_5|cap_6|rel_1,truck,cost_5,cap_6,rel_1,31,23.614415,0.17472564343459582,1.0,0.0,23.614415,1.0,0.4038246590902346
truck|cost_2|cap_6|rel_4,truck,cost_2,cap_6,rel_4,29,23.585389,0.1547912791997028,1.0,0.3989434448251392,23.585389,1.0,0.2727172809022487
truck|cost_2|cap_6|rel_3,truck,cost_2,cap_6,rel_3,29,23.079853,0.15541278368721992,1.0,0.12677284742561118,23.079853,1.0,0.3340334359328717
truck|cost_5|cap_6|rel_4,truck,cost_5,cap_6,rel_4,27,22.830940000000002,0.1739667437624105,1.0,0.3878588484796151,22.830940000000002,1.0,0.31672037292339206
truck|cost_10|cap_7|rel_3,truck,cost_10,cap_7,rel_3,11,22.754675,0.27462909702635474,1.0,0.08508580473500685,22.754675,1.0,0.601607112117944
truck|cost_3|cap_6|rel_3,truck,cost_3,cap_6,rel_3,26,22.553947,0.16169213185004963,1.0,0.068645425126069,22.553947,1.0,0.3604508373157531
truck|cost_6|cap_6|rel_2,truck,cost_6,cap_6,rel_2,22,22.42633,0.1795795981458615,1.0,1.3074056346400001e-05,22.42633,1.0,0.4143422016671121
truck|cost_5|cap_7|rel_1,truck,cost_5,cap_7,rel_1,9,22.159725,0.17203020506670694,1.0,0.0,22.159725,1.0,0.39798258716931
truck|cost_4|cap_6|rel_5,truck,cost_4,cap_6,rel_5,25,21.893533,0.16676817815868472,1.0,0.7871452669986898,21.893533,1.0,0.21314089491484234
truck|cost_8|cap_6|rel_2,truck,cost_8,cap_6,rel_2,28,21.74809,0.20811709627485647,1.0,0.0,21.74809,1.0,0.47619703137702857
truck|cost_1|cap_6|rel_4,truck,cost_1,cap_6,rel_4,22,21.455101,0.13525077227301055,1.0,0.3661531583220274,21.455101,1.0,0.23759023613136332
truck|cost_3|cap_7|rel_2,truck,cost_3,cap_7,rel_2,9,21.11119,0.16291862165366122,1.0,0.000814515444504211,21.11119,1.0,0.37805474547071394
truck|cost_2|cap_6|rel_5,truck,cost_2,cap_6,rel_5,25,20.722599,0.15437028074882528,1.0,0.7308996483068283,20.722599,1.0,0.1986627511453556
truck|cost_5|cap_6|rel_5,truck,cost_5,cap_6,rel_5,23,20.660514,0.17445925679296,1.0,0.8314286098849507,20.660514,1.0,0.22005324241646915
truck|cost_1|cap_6|rel_3,truck,cost_1,cap_6,rel_3,24,20.196064,0.12802738716813164,1.0,0.08921881725374452,20.196064,1.0,0.28295306566007866
truck|cost_8|cap_6|rel_3,truck,cost_8,cap_6,rel_3,23,19.970886,0.20508938574370483,1.0,0.07570377296992879,19.970886,1.0,0.4529544926066259
truck|cost_5|cap_7|rel_2,truck,cost_5,cap_7,rel_2,9,19.490565,0.17465310051706334,1.0,0.0,19.490565,1.0,0.4036674301412713
truck|cost_4|cap_7|rel_2,truck,cost_4,cap_7,rel_2,10,19.36125,0.1671482729302726,1.0,0.0,19.36125,1.0,0.3874015258496034
truck|cost_10|cap_5|rel_5,truck,cost_10,cap_5,rel_5,56,18.776848,0.27507050551347983,1.0,0.7493273006371919,18.776848,1.0,0.4562071850529556
truck|cost_4|cap_6|rel_2,truck,cost_4,cap_6,rel_2,22,18.77321,0.1664857804964089,1.0,2.1921955010263292e-06,18.77321,1.0,0.3859651619378246
truck|cost_4|cap_6|rel_3,truck,cost_4,cap_6,rel_3,22,18.551245,0.16648693703008477,1.0,0.14521464709187556,18.551245,1.0,0.3539720675950289
truck|cost_1|cap_7|rel_5,truck,cost_1,cap_7,rel_5,9,17.80801,0.13324128038455876,1.0,0.7852019040793888,17.80801,1.0,0.14090315408643359
truck|cost_10|cap_6|rel_2,truck,cost_10,cap_6,rel_2,22,16.74885,0.27661193690426383,1.0,0.0,16.74885,1.0,0.6246522102957245
truck|cost_10|cap_5|rel_4,truck,cost_10,cap_5,rel_4,46,16.587511,0.27688719698942366,1.0,0.41383786852145293,16.587511,1.0,0.5340652280526669
truck|cost_8|cap_6|rel_1,truck,cost_8,cap_6,rel_1,16,16.47886,0.208771488250728,1.0,0.0,16.47886,1.0,0.47761535539922156
truck|cost_1|cap_8|rel_3,truck,cost_1,cap_8,rel_3,4,16.07845,0.1409419723492344,1.0,0.0441691067763305,16.07845,1.0,0.32087013060011077
truck|cost_8|cap_5|rel_5,truck,cost_8,cap_5,rel_5,42,15.284510000000001,0.2049263206452371,1.0,0.8530455255949563,15.284510000000001,1.0,0.28132432191657875
truck|cost_2|cap_6|rel_2,truck,cost_2,cap_6,rel_2,16,15.176345000000001,0.1533098756398989,1.0,0.0,15.176345000000001,1.0,0.3574082923912515
truck|cost_8|cap_5|rel_1,truck,cost_8,cap_5,rel_1,42,14.6561075,0.20994186156225592,1.0,0.0,14.6561075,1.0,0.4801520133105029
truck|cost_6|cap_5|rel_4,truck,cost_6,cap_5,rel_4,40,14.527854,0.18065095475633447,1.0,0.33542761247316505,14.527854,1.0,0.34276019319144135
truck|cost_5|cap_6|rel_3,truck,cost_5,cap_6,rel_3,19,14.1106,0.1741018349548832,1.0,0.09774545453496364,14.1106,1.0,0.38093573221605115
truck|cost_10|cap_5|rel_2,truck,cost_10,cap_5,rel_2,38,14.103641,0.2921925732804738,1.0,5.887408947126129e-05,14.103641,1.0,0.6584085869377179
truck|cost_1|cap_5|rel_4,truck,cost_1,cap_5,rel_4,41,13.942093,0.13947786819127547,1.0,0.39923548129232705,13.942093,1.0,0.23946276802439248
truck|cost_6|cap_5|rel_5,truck,cost_6,cap_5,rel_5,34,13.937786,0.181874869118525,1.0,0.8014495356566672,13.937786,1.0,0.24273126590881303
truck|cost_10|cap_5|rel_3,truck,cost_10,cap_5,rel_3,38,13.8994925,0.28559566656000807,1.0,0.12590420618184844,13.8994925,1.0,0.6163821858319273
truck|cost_3|cap_6|rel_2,truck,cost_3,cap_6,rel_2,16,13.837195,0.16093537473252512,1.0,4.250560428104011e-06,13.837195,1.0,0.3739348026021565
truck|cost_3|cap_6|rel_5,truck,cost_3,cap_6,rel_5,15,13.754172,0.1613275465986423,1.0,0.7962064975757414,13.754172,1.0,0.1993523932182875
truck|cost_6|cap_6|rel_3,truck,cost_6,cap_6,rel_3,17,13.454439,0.1802797527656322,1.0,0.05985159990495738,13.454439,1.0,0.4026751011955482
truck|cost_2|cap_5|rel_3,truck,cost_2,cap_5,rel_3,37,13.227966,0.15428208188631035,1.0,0.11225595015217266,13.227966,1.0,0.33478136377154943
truck|cost_3|cap_6|rel_1,truck,cost_3,cap_6,rel_1,20,13.113199999999999,0.16182097424778508,1.0,0.0,13.113199999999999,1.0,0.3758551805804611
truck|cost_5|cap_5|rel_4,truck,cost_5,cap_5,rel_4,37,12.919357,0.17365750113341483,1.0,0.3887502044803785,12.919357,1.0,0.3158537246386147
truck|cost_1|cap_6|rel_1,truck,cost_1,cap_6,rel_1,15,12.6558,0.14201365098648344,1.0,0.0,12.6558,1.0,0.33292494391392713
truck|cost_7|cap_5|rel_4,truck,cost_7,cap_5,rel_4,37,12.19605,0.19322482609238026,1.0,0.35266840896229984,12.19605,1.0,0.3662139266490419
truck|cost_9|cap_5|rel_2,truck,cost_9,cap_5,rel_2,31,11.7851905,0.22196938186079088,1.0,0.0,11.7851905,1.0,0.5062203662179576
truck|cost_7|cap_5|rel_5,truck,cost_7,cap_5,rel_5,32,11.625837,0.19263244862310908,1.0,0.7592838325828931,11.625837,1.0,0.2753378016723704
truck|cost_9|cap_5|rel_5,truck,cost_9,cap_5,rel_5,34,11.516084000000001,0.22990533119207776,1.0,0.7770314039780234,11.516084000000001,1.0,0.3522123168382895
truck|cost_8|cap_5|rel_4,truck,cost_8,cap_5,rel_4,30,11.306376,0.20587971211321127,1.0,0.4044348135835989,11.306376,1.0,0.3822359997694846
truck|cost_2|cap_5|rel_1,truck,cost_2,cap_5,rel_1,28,11.0449495,0.15678988670933292,1.0,0.0,11.0449495,1.0,0.3649508410154184
truck|cost_5|cap_6|rel_2,truck,cost_5,cap_6,rel_2,10,11.02751,0.17200246913296882,1.0,1.2394842104801462e-06,11.02751,1.0,0.39792219942106216
truck|cost_7|cap_7|rel_2,truck,cost_7,cap_7,rel_2,5,10.932525,0.1938699710136992,1.0,0.0009060149166421601,10.932525,1.0,0.4451182959925779
truck|cost_6|cap_5|rel_3,truck,cost_6,cap_5,rel_3,26,10.4962775,0.1831839036682144,1.0,0.11041964261024366,10.4962775,1.0,0.39782755054807584
truck|cost_4|cap_5|rel_5,truck,cost_4,cap_5,rel_5,29,10.412567,0.16741069739358708,1.0,0.7662304914162622,10.412567,1.0,0.2191417740605165
truck|cost_4|cap_5|rel_4,truck,cost_4,cap_5,rel_4,30,9.968679,0.16614053905577356,1.0,0.36196023242282466,9.968679,1.0,0.3054643282599888
truck|cost_3|cap_5|rel_4,truck,cost_3,cap_5,rel_4,32,9.903516,0.1609634421070246,1.0,0.36282459853261073,9.903516,1.0,0.2940530776622116
truck|cost_7|cap_5|rel_3,truck,cost_7,cap_5,rel_3,31,9.890921,0.19261564202736928,1.0,0.0931046937774463,9.890921,1.0,0.422084940952243
truck|cost_2|cap_5|rel_4,truck,cost_2,cap_5,rel_4,30,9.878149,0.1558041823100134,1.0,0.40679661547613377,9.878149,1.0,0.273182299168331
truck|cost_4|cap_5|rel_3,truck,cost_4,cap_5,rel_3,26,9.8001395,0.1668885279652665,1.0,0.1218674669769572,9.8001395,1.0,0.35998670808857
truck|cost_7|cap_6|rel_1,truck,cost_7,cap_6,rel_1,12,9.71402,0.193108052474992,1.0,0.0,9.71402,1.0,0.44366654788027904
truck|cost_3|cap_5|rel_5,truck,cost_3,cap_5,rel_5,28,9.409184,0.16003306358458277,1.0,0.7391426131892167,9.409184,1.0,0.20911999627204947
truck|cost_6|cap_6|rel_1,truck,cost_6,cap_6,rel_1,11,9.27943,0.18174443530299078,1.0,0.0,9.27943,1.0,0.41903713338816445
truck|cost_3|cap_5|rel_3,truck,cost_3,cap_5,rel_3,27,9.1618075,0.1610730192058272,1.0,0.09153125083300961,9.1618075,1.0,0.3540663951864657
truck|cost_1|cap_5|rel_5,truck,cost_1,cap_5,rel_5,27,9.130753,0.13976017845588126,1.0,0.7787139277660485,9.130753,1.0,0.1564617003559754
truck|cost_5|cap_5|rel_5,truck,cost_5,cap_5,rel_5,26,8.893111,0.17459504291810157,1.0,0.8042349786217791,8.893111,1.0,0.22633929315736842
truck|cost_9|cap_5|rel_4,truck,cost_9,cap_5,rel_4,24,8.774391,0.22695232866524098,1.0,0.4307939211349922,8.774391,1.0,0.422100750218832
truck|cost_2|cap_6|rel_1,truck,cost_2,cap_6,rel_1,12,8.66552,0.15293574357196538,1.0,0.0,8.66552,1.0,0.3565974014894856
truck|cost_9|cap_5|rel_3,truck,cost_9,cap_5,rel_3,26,8.620099,0.22832756642437088,1.0,0.08822142942708845,8.620099,1.0,0.5005626463148298
truck|cost_8|cap_5|rel_3,truck,cost_8,cap_5,rel_3,23,7.7385095,0.20558267238066422,1.0,0.09946702237027512,7.7385095,1.0,0.44878772748405926
truck|cost_6|cap_7|rel_2,truck,cost_6,cap_7,rel_2,4,7.687810000000001,0.17900176325278,1.0,0.0,7.687810000000001,1.0,0.41309268755563355
truck|cost_2|cap_5|rel_2,truck,cost_2,cap_5,rel_2,22,7.289524,0.15381322751277218,1.0,0.00018668008055839093,7.289524,1.0,0.3584581208503936
truck|cost_6|cap_5|rel_1,truck,cost_6,cap_5,rel_1,19,7.157171,0.18366271487705946,1.0,0.0,7.157171,1.0,0.42319479745114463
truck|cost_10|cap_4|rel_4,truck,cost_10,cap_4,rel_4,51,7.0906424,0.27409463519471666,1.0,0.39984018351982503,7.0906424,1.0,0.531096852206319
truck|cost_4|cap_4|rel_3,truck,cost_4,cap_4,rel_3,49,6.8793383,0.1678157754058287,1.0,0.11322725490774606,6.8793383,1.0,0.36390017080343506
truck|cost_2|cap_5|rel_5,truck,cost_2,cap_5,rel_5,19,6.866134,0.1545885247309816,1.0,0.7825803805883015,6.866134,1.0,0.18774862085790273
truck|cost_7|cap_5|rel_1,truck,cost_7,cap_5,rel_1,21,6.6938915,0.1912477710427558,1.0,0.0,6.6938915,1.0,0.4396345885337939
truck|cost_5|cap_5|rel_3,truck,cost_5,cap_5,rel_3,23,6.689357,0.17323771889892403,1.0,0.10814137664758962,6.689357,1.0,0.3767722529987514
truck|cost_6|cap_5|rel_2,truck,cost_6,cap_5,rel_2,20,6.4104325,0.18153756909618315,1.0,0.0004521094428334916,6.4104325,1.0,0.418489156995667
truck|cost_7|cap_4|rel_4,truck,cost_7,cap_4,rel_4,42,6.246917,0.19235827419580173,1.0,0.34950245072784364,6.246917,1.0,0.3650333449729255
truck|cost_1|cap_5|rel_2,truck,cost_1,cap_5,rel_2,17,6.1310995,0.14398905018066377,1.0,0.00021627914388174706,6.1310995,1.0,0.33715875440731047
truck|cost_9|cap_5|rel_1,truck,cost_9,cap_5,rel_1,16,6.100829,0.2289868439654421,1.0,0.0,6.100829,1.0,0.5214299583964069
truck|cost_3|cap_5|rel_1,truck,cost_3,cap_5,rel_1,17,5.821635,0.16225420844942529,1.0,0.0,5.821635,1.0,0.3767941689820281
truck|cost_8|cap_4|rel_4,truck,cost_8,cap_4,rel_4,47,5.7332172,0.20550046037652422,1.0,0.3653708020630606,5.7332172,1.0,0.390021239288203
truck|cost_10|cap_5|rel_1,truck,cost_10,cap_5,rel_1,16,5.705947,0.273446667061603,1.0,0.0,5.705947,1.0,0.6177918293312578
truck|cost_7|cap_5|rel_2,truck,cost_7,cap_5,rel_2,13,5.585338,0.19508915898769028,1.0,0.0,5.585338,1.0,0.4479603825559575
truck|cost_10|cap_4|rel_5,truck,cost_10,cap_4,rel_5,43,5.5794952,0.26347887810761966,1.0,0.7977939284171203,5.5794952,1.0,0.42040461686375535
truck|cost_9|cap_4|rel_4,truck,cost_9,cap_4,rel_4,41,5.5346673,0.22804551628029887,1.0,0.38317746446586964,5.5346673,1.0,0.43496175885892474
truck|cost_8|cap_4|rel_5,truck,cost_8,cap_4,rel_5,43,5.5235531,0.20782063882708246,1.0,0.7599129282195911,5.5235531,1.0,0.3081179529590474
truck|cost_5|cap_4|rel_3,truck,cost_5,cap_4,rel_3,52,5.3197545,0.17390827254099073,1.0,0.06923436357160849,5.3197545,1.0,0.3867982399549673
truck|cost_4|cap_5|rel_2,truck,cost_4,cap_5,rel_2,15,5.080508,0.16624668735559844,1.0,0.00018659266654773082,5.080508,1.0,0.38540632319422496
truck|cost_3|cap_4|rel_5,truck,cost_3,cap_4,rel_5,34,4.9452838,0.16079500726228946,1.0,0.7266791313703642,4.9452838,1.0,0.2135175867058278
truck|cost_1|cap_5|rel_1,truck,cost_1,cap_5,rel_1,15,4.9332545,0.14175712744948113,1.0,0.0,4.9332545,1.0,0.332368956817197
truck|cost_4|cap_5|rel_1,truck,cost_4,cap_5,rel_1,12,4.93122,0.16611945280436652,1.0,0.0,4.93122,1.0,0.3851716691996272
truck|cost_2|cap_4|rel_4,truck,cost_2,cap_4,rel_4,32,4.80169,0.1549980922097011,1.0,0.38645246123409577,4.80169,1.0,0.27591774513617795
truck|cost_9|cap_4|rel_3,truck,cost_9,cap_4,rel_3,39,4.6967554,0.2279526090451716,1.0,0.0941146976810074,4.6967554,1.0,0.49845146466361523
truck|cost_1|cap_6|rel_2,truck,cost_1,cap_6,rel_2,7,4.67969,0.13662599069381268,1.0,0.0,4.67969,1.0,0.3212477713655732
truck|cost_2|cap_4|rel_1,truck,cost_2,cap_4,rel_1,38,4.5749755,0.15615670700794326,1.0,0.0,4.5749755,1.0,0.3635784923101185
truck|cost_10|cap_4|rel_1,truck,cost_10,cap_4,rel_1,33,4.5480615,0.27744290907634306,1.0,0.0,4.5480615,1.0,0.6264532528465048
truck|cost_1|cap_5|rel_3,truck,cost_1,cap_5,rel_3,13,4.531014,0.13326867106083473,1.0,0.12891783492630746,4.531014,1.0,0.28556584138038793
truck|cost_6|cap_4|rel_4,truck,cost_6,cap_4,rel_4,27,4.3359286,0.18345967001013663,1.0,0.37896526670908165,4.3359286,1.0,0.3392548471099984
truck|cost_2|cap_4|rel_3,truck,cost_2,cap_4,rel_3,33,4.287936,0.15588288107324103,1.0,0.07252817073704579,4.287936,1.0,0.34700440237117725
truck|cost_2|cap_4|rel_5,truck,cost_2,cap_4,rel_5,27,4.1754226,0.15494591174663327,1.0,0.7765011881076147,4.1754226,1.0,0.18986268653081112
truck|cost_7|cap_4|rel_5,truck,cost_7,cap_4,rel_5,29,4.0400696,0.19240886711349287,1.0,0.8685066500271548,4.0400696,1.0,0.250787441855152
truck|cost_8|cap_5|rel_2,truck,cost_8,cap_5,rel_2,10,4.0325365,0.2070298046417815,1.0,0.0,4.0325365,1.0,0.4738404440422499
truck|cost_6|cap_4|rel_3,truck,cost_6,cap_4,rel_3,33,3.9713043,0.18188555574831164,1.0,0.08982838983748656,3.9713043,1.0,0.3995505256091886
truck|cost_4|cap_6|rel_1,truck,cost_4,cap_6,rel_1,4,3.96863,0.16820706226123455,1.0,0.0,3.96863,1.0,0.38969633751893196
truck|cost_6|cap_4|rel_5,truck,cost_6,cap_4,rel_5,31,3.9390202,0.1820207253493505,1.0,0.7360955508216257,3.9390202,1.0,0.25744726045731314
truck|cost_3|cap_5|rel_2,truck,cost_3,cap_5,rel_2,12,3.916348,0.16197637996931094,1.0,0.00048698012737888335,3.916348,1.0,0.37608470623258206
truck|cost_1|cap_4|rel_4,truck,cost_1,cap_4,rel_4,33,3.8485158,0.14017190161360193,1.0,0.38981234959061273,3.8485158,1.0,0.24304327026528003
truck|cost_8|cap_4|rel_3,truck,cost_8,cap_4,rel_3,30,3.8001824,0.20776008397517112,1.0,0.11403977823487124,3.8001824,1.0,0.4502961225351305
truck|cost_1|cap_4|rel_3,truck,cost_1,cap_4,rel_3,34,3.7888197999999997,0.13372299701273593,1.0,0.11998754919498757,3.7888197999999997,1.0,0.28851821158924007
truck|cost_4|cap_4|rel_4,truck,cost_4,cap_4,rel_4,30,3.70417,0.1671400440407602,1.0,0.3967359032289057,3.70417,1.0,0.2999682986471617
truck|cost_3|cap_4|rel_3,truck,cost_3,cap_4,rel_3,27,3.6071946,0.16103955572741005,1.0,0.10826778885737084,3.6071946,1.0,0.35030619684918896
truck|cost_7|cap_4|rel_2,truck,cost_7,cap_4,rel_2,24,3.5687785,0.1917845558405963,1.0,0.0003721123050893958,3.5687785,1.0,0.44071602176815616
truck|cost_7|cap_4|rel_3,truck,cost_7,cap_4,rel_3,31,3.406969,0.19213279187311144,1.0,0.07658393712556717,3.406969,1.0,0.4246785406746609
truck|cost_5|cap_4|rel_4,truck,cost_5,cap_4,rel_4,24,3.2320248,0.1735109631305165,1.0,0.4099292630727726,3.2320248,1.0,0.310869600126809
truck|cost_1|cap_4|rel_1,truck,cost_1,cap_4,rel_1,21,2.966254,0.13973057759845742,1.0,0.0,2.966254,1.0,0.32797662860741045
truck|cost_3|cap_4|rel_4,truck,cost_3,cap_4,rel_4,23,2.9477587,0.16017377999372354,1.0,0.3673576622705139,2.9477587,1.0,0.29134277090529953
truck|cost_10|cap_4|rel_3,truck,cost_10,cap_4,rel_3,22,2.911347,0.2732722389741555,1.0,0.0511983909136942,2.911347,1.0,0.606132902086828
truck|cost_2|cap_4|rel_2,truck,cost_2,cap_4,rel_2,24,2.787085,0.15512618627542288,1.0,0.00013634727644933398,2.787085,1.0,0.3613149074999396
truck|cost_1|cap_4|rel_5,truck,cost_1,cap_4,rel_5,23,2.6421178,0.12768381571731324,1.0,0.7747416728273047,2.6421178,1.0,0.13116271939461246
truck|cost_9|cap_4|rel_2,truck,cost_9,cap_4,rel_2,22,2.6227145000000003,0.22758861258659707,1.0,0.0003331966804154363,2.6227145000000003,1.0,0.5183260273186132
truck|cost_9|cap_4|rel_5,truck,cost_9,cap_4,rel_5,23,2.6112043,0.22756617397486356,1.0,0.8360705575025631,2.6112043,1.0,0.33413396667641265
truck|cost_9|cap_4|rel_1,truck,cost_9,cap_4,rel_1,23,2.5405585,0.2299428354450179,1.0,0.0,2.5405585,1.0,0.5235019668110705
truck|cost_10|cap_4|rel_2,truck,cost_10,cap_4,rel_2,18,2.5281035000000003,0.2771531509208118,1.0,0.0,2.5281035000000003,1.0,0.6258252332989409
truck|cost_1|cap_3|rel_3,truck,cost_1,cap_3,rel_3,63,2.39090315,0.13927990313122235,1.0,0.08300273659024344,2.39090315,1.0,0.30871130959170534
truck|cost_5|cap_4|rel_5,truck,cost_5,cap_4,rel_5,18,2.3737556,0.17375945296871537,1.0,0.7766354209441192,2.3737556,1.0,0.2306094314303559
truck|cost_5|cap_5|rel_2,truck,cost_5,cap_5,rel_2,9,2.255806,0.17292734825841471,1.0,0.0007081259659697111,2.255806,1.0,0.39977102228568506
truck|cost_6|cap_4|rel_1,truck,cost_6,cap_4,rel_1,17,2.17976,0.18173327774498133,1.0,0.0,2.17976,1.0,0.4190129505846807
truck|cost_4|cap_4|rel_5,truck,cost_4,cap_4,rel_5,19,2.1297461,0.16642647668023133,1.0,0.8096038608273586,2.1297461,1.0,0.2074518463323419
truck|cost_8|cap_4|rel_2,truck,cost_8,cap_4,rel_2,17,2.1040815,0.20768964429389322,1.0,0.00017889111807573528,2.1040815,1.0,0.47523115907602
truck|cost_10|cap_6|rel_3,truck,cost_10,cap_6,rel_3,3,2.08351,0.271313937077479,1.0,0.0637949096533324,2.08351,1.0,0.5991130213710408
truck|cost_5|cap_5|rel_1,truck,cost_5,cap_5,rel_1,8,2.036448,0.17370114685168989,1.0,0.0,2.036448,1.0,0.4016041732533554
truck|cost_9|cap_3|rel_1,truck,cost_9,cap_3,rel_1,38,2.0168276,0.2278485680761179,1.0,0.0,2.0168276,1.0,0.5189628681855871
truck|cost_3|cap_4|rel_1,truck,cost_3,cap_4,rel_1,17,1.96535,0.16145234471649392,1.0,0.0,1.96535,1.0,0.37505621583334037
truck|cost_5|cap_4|rel_1,truck,cost_5,cap_4,rel_1,16,1.9581485,0.1731553849046862,1.0,0.0,1.9581485,1.0,0.4004212931014355
truck|cost_1|cap_3|rel_4,truck,cost_1,cap_3,rel_4,48,1.8654479,0.13788651062926324,1.0,0.40946809631511544,1.8654479,1.0,0.23375905379524703
truck|cost_7|cap_3|rel_4,truck,cost_7,cap_3,rel_4,47,1.8487948,0.19182214851788737,1.0,0.3541062194997026,1.8487948,1.0,0.3628569721939706
truck|cost_9|cap_3|rel_2,truck,cost_9,cap_3,rel_2,45,1.71760855,0.22549107791203649,1.0,7.158243127910788e-05,1.71760855,1.0,0.5138374903230218
truck|cost_10|cap_3|rel_4,truck,cost_10,cap_3,rel_4,41,1.6908708,0.29563396829726096,1.0,0.3631841053137819,1.6908708,1.0,0.5858577045841085
truck|cost_5|cap_3|rel_3,truck,cost_5,cap_3,rel_3,43,1.63966325,0.17435168429443312,1.0,0.08978923045023718,1.63966325,1.0,0.3832303001099058
truck|cost_10|cap_3|rel_1,truck,cost_10,cap_3,rel_1,38,1.6381328,0.3033727945333649,1.0,0.0,1.6381328,1.0,0.6826534826665998
truck|cost_6|cap_3|rel_4,truck,cost_6,cap_3,rel_4,37,1.6183687,0.18170524679110378,1.0,0.3826069499884049,1.6183687,1.0,0.33464992835126567
truck|cost_4|cap_4|rel_2,truck,cost_4,cap_4,rel_2,10,1.462283,0.16498103134749992,1.0,0.0,1.462283,1.0,0.382704263486861
truck|cost_3|cap_3|rel_3,truck,cost_3,cap_3,rel_3,31,1.4147222,0.16043170224262246,1.0,0.09387234447719285,1.4147222,1.0,0.3521605815135589
truck|cost_10|cap_3|rel_3,truck,cost_10,cap_3,rel_3,36,1.38929035,0.27339423187939016,1.0,0.09145490312394587,1.38929035,1.0,0.5975273303969098
truck|cost_7|cap_3|rel_5,truck,cost_7,cap_3,rel_5,34,1.3411376,0.19036300158015923,1.0,0.8007727128525338,1.3411376,1.0,0.2612775062067523
truck|cost_7|cap_3|rel_3,truck,cost_7,cap_3,rel_3,36,1.33411635,0.19129613084290142,1.0,0.07161800099481162,1.33411635,1.0,0.42395934501901655
truck|cost_9|cap_3|rel_4,truck,cost_9,cap_3,rel_4,36,1.3175652,0.22619445505502003,1.0,0.37049152347650455,1.3175652,1.0,0.43374495888566217
truck|cost_4|cap_3|rel_3,truck,cost_4,cap_3,rel_3,32,1.30009505,0.16680900606972437,1.0,0.08471304017138062,1.30009505,1.0,0.36800082853556887
truck|cost_6|cap_3|rel_3,truck,cost_6,cap_3,rel_3,37,1.29419485,0.1828058527959661,1.0,0.11184405206050468,1.29419485,1.0,0.3966943166978693
truck|cost_5|cap_4|rel_2,truck,cost_5,cap_4,rel_2,11,1.282589,0.17368648768126604,1.0,0.00023162071094474544,1.282589,1.0,0.4015213665907717
truck|cost_8|cap_3|rel_3,truck,cost_8,cap_3,rel_3,37,1.2684146,0.20455252528147355,1.0,0.06781001236016324,1.2684146,1.0,0.4535301888808603
truck|cost_8|cap_3|rel_4,truck,cost_8,cap_3,rel_4,29,1.2648131,0.2051620837365643,1.0,0.3416313246810248,1.2648131,1.0,0.39451851727720216
truck|cost_4|cap_4|rel_1,truck,cost_4,cap_4,rel_1,9,1.2513305,0.16680050458365117,1.0,0.0,1.2513305,1.0,0.3866477754700781
truck|cost_9|cap_3|rel_5,truck,cost_9,cap_3,rel_5,32,1.2293525,0.22831451949519715,1.0,0.8255550962731034,1.2293525,1.0,0.3380728645733418
truck|cost_5|cap_3|rel_5,truck,cost_5,cap_3,rel_5,26,1.1873074,0.17362608959668047,1.0,0.6874860650803009,1.1873074,1.0,0.24996323587415423
truck|cost_10|cap_3|rel_5,truck,cost_10,cap_3,rel_5,29,1.1387449,0.2837643735374822,1.0,0.7602739507339977,1.1387449,1.0,0.47263825989919045
truck|cost_8|cap_3|rel_2,truck,cost_8,cap_3,rel_2,30,1.08794485,0.20572733810011207,1.0,3.39264518539976e-06,1.08794485,1.0,0.47101674077928146
truck|cost_1|cap_3|rel_5,truck,cost_1,cap_3,rel_5,26,1.0838481,0.13633120041734026,1.0,0.8225198975475027,1.0838481,1.0,0.1393777071850334
truck|cost_4|cap_3|rel_4,truck,cost_4,cap_3,rel_4,24,1.0340553000000001,0.16595222375949173,1.0,0.3628616650974223,1.0340553000000001,1.0,0.3048575566662994
truck|cost_2|cap_3|rel_5,truck,cost_2,cap_3,rel_5,29,1.0248443,0.15487753205505456,1.0,0.809524511716596,1.0248443,1.0,0.18243823807934806
truck|cost_2|cap_3|rel_3,truck,cost_2,cap_3,rel_3,27,0.98515905,0.15605078838528344,1.0,0.11185169426835756,0.98515905,1.0,0.3387039166458654
truck|cost_1|cap_3|rel_2,truck,cost_1,cap_3,rel_2,26,0.98360145,0.13579046696816705,1.0,0.00010105304533723846,0.98360145,1.0,0.3194145981411956
truck|cost_2|cap_3|rel_4,truck,cost_2,cap_3,rel_4,26,0.9708427,0.1561766216057103,1.0,0.3423582244831065,0.9708427,1.0,0.28818764934646945
truck|cost_3|cap_4|rel_2,truck,cost_3,cap_4,rel_2,8,0.9333505,0.16001501311871916,1.0,0.0004584334908310625,0.9333505,1.0,0.37183994501069684
truck|cost_10|cap_3|rel_2,truck,cost_10,cap_3,rel_2,24,0.9322132000000001,0.2936480999843007,1.0,0.0004125214728315583,0.9322132000000001,1.0,0.6614853626497236
truck|cost_6|cap_3|rel_5,truck,cost_6,cap_3,rel_5,21,0.8792606000000001,0.1802175475644559,1.0,0.743304303158075,0.8792606000000001,1.0,0.251950715999898
truck|cost_5|cap_3|rel_4,truck,cost_5,cap_3,rel_4,25,0.8724959,0.17329933306456596,1.0,0.362386353727642,0.8724959,1.0,0.3208863520281132
truck|cost_4|cap_3|rel_5,truck,cost_4,cap_3,rel_5,19,0.8411668999999999,0.16570151796143137,1.0,0.8203646615516327,0.8411668999999999,1.0,0.20350957956471333
truck|cost_3|cap_3|rel_2,truck,cost_3,cap_3,rel_2,18,0.82770895,0.16075665037186432,1.0,0.0007191339834430611,0.82770895,1.0,0.37338992193214227
truck|cost_1|cap_4|rel_2,truck,cost_1,cap_4,rel_2,10,0.8218995,0.12907783166536319,1.0,0.00060124948196424,0.8218995,1.0,0.3047554736542255
truck|cost_9|cap_3|rel_3,truck,cost_9,cap_3,rel_3,24,0.8201821,0.22708512218310398,1.0,0.11377109525599753,0.8201821,1.0,0.4922402590313161
truck|cost_6|cap_4|rel_2,truck,cost_6,cap_4,rel_2,6,0.818336,0.18330653841985825,1.0,0.0001636318986771333,0.818336,1.0,0.42238676932248154
truck|cost_7|cap_3|rel_2,truck,cost_7,cap_3,rel_2,19,0.8079613999999999,0.1919305672514894,1.0,0.0,0.8079613999999999,1.0,0.4411144756669137
truck|cost_5|cap_3|rel_2,truck,cost_5,cap_3,rel_2,19,0.73364485,0.17296121487076582,1.0,0.00010314245758213685,0.73364485,1.0,0.39997772445099167
truck|cost_3|cap_3|rel_5,truck,cost_3,cap_3,rel_5,19,0.7094803000000001,0.1616074669859436,1.0,0.7978644204221078,0.7094803000000001,1.0,0.19959378958209473
truck|cost_1|cap_2|rel_3,truck,cost_1,cap_2,rel_3,75,0.69046039,0.136291530758712,1.0,0.06165981353680897,0.69046039,1.0,0.3069369593279749
truck|cost_7|cap_4|rel_1,truck,cost_7,cap_4,rel_1,5,0.656269,0.19336313635187816,1.0,0.0,0.656269,1.0,0.4442194146689953
truck|cost_3|cap_3|rel_4,truck,cost_3,cap_3,rel_4,17,0.6498678999999999,0.16132582249834684,1.0,0.35170981919008554,0.6498678999999999,1.0,0.2972874894166291
truck|cost_8|cap_3|rel_1,truck,cost_8,cap_3,rel_1,20,0.6267711,0.20480319764435131,1.0,0.0,0.6267711,1.0,0.46901451354664403
truck|cost_10|cap_2|rel_3,truck,cost_10,cap_2,rel_3,70,0.617072335,0.28549710910053927,1.0,0.0710568728586165,0.617072335,1.0,0.6282534414710398
truck|cost_8|cap_4|rel_1,truck,cost_8,cap_4,rel_1,6,0.6154625,0.20767996113702822,1.0,0.0,0.6154625,1.0,0.47524958811704554
truck|cost_1|cap_3|rel_1,truck,cost_1,cap_3,rel_1,12,0.60689665,0.13818997857450763,1.0,0.0,0.60689665,1.0,0.32463754639857845
truck|cost_8|cap_3|rel_5,truck,cost_8,cap_3,rel_5,16,0.5969519,0.20560977722407578,1.0,0.8122291542164237,0.5969519,1.0,0.2917989758818313
truck|cost_2|cap_3|rel_1,truck,cost_2,cap_3,rel_1,15,0.56264005,0.15683770355251206,1.0,0.0,0.56264005,1.0,0.36505447886528064
truck|cost_4|cap_3|rel_2,truck,cost_4,cap_3,rel_2,14,0.49109095,0.1671653098449531,1.0,0.0,0.49109095,1.0,0.38743845152449913
truck|cost_9|cap_2|rel_3,truck,cost_9,cap_2,rel_3,47,0.4887561,0.22585764768649227,1.0,0.09205192105141441,0.4887561,1.0,0.49436536682947074
truck|cost_8|cap_2|rel_3,truck,cost_8,cap_2,rel_3,48,0.47570914000000003,0.20637105545588527,1.0,0.08363972222518296,0.47570914000000003,1.0,0.45398379434575836
truck|cost_4|cap_2|rel_3,truck,cost_4,cap_2,rel_3,48,0.433711655,0.16658341079711228,1.0,0.08069907639581755,0.433711655,1.0,0.36839629776060356
truck|cost_6|cap_2|rel_3,truck,cost_6,cap_2,rel_3,49,0.423413085,0.18206929153743945,1.0,0.08798078029921294,0.423413085,1.0,0.4003558488936491
truck|cost_7|cap_2|rel_4,truck,cost_7,cap_2,rel_4,37,0.41137223,0.19252723277610667,1.0,0.33648165412803377,0.41137223,1.0,0.36826850094646335
truck|cost_2|cap_2|rel_3,truck,cost_2,cap_2,rel_3,47,0.40776367,0.1544707689742219,1.0,0.06765357941995319,0.40776367,1.0,0.3450178519998863
truck|cost_3|cap_2|rel_3,truck,cost_3,cap_2,rel_3,46,0.404565365,0.16111035453835593,1.0,0.06842486396703158,0.404565365,1.0,0.3592384954148035
truck|cost_6|cap_3|rel_1,truck,cost_6,cap_3,rel_1,11,0.3734214,0.18010300086331996,1.0,0.0,0.3734214,1.0,0.415479501292295
truck|cost_6|cap_3|rel_2,truck,cost_6,cap_3,rel_2,11,0.37294375,0.1822287388438901,1.0,0.00041979637181080003,0.37294375,1.0,0.41999431261959774
truck|cost_8|cap_2|rel_1,truck,cost_8,cap_2,rel_1,39,0.35043391,0.20709856736898183,1.0,0.0,0.35043391,1.0,0.47398947983641565
truck|cost_2|cap_2|rel_4,truck,cost_2,cap_2,rel_4,33,0.34964767,0.15343756610158524,1.0,0.356708058000109,0.34964767,1.0,0.2790892501974966
truck|cost_7|cap_2|rel_2,truck,cost_7,cap_2,rel_2,29,0.33420387,0.1903559783361942,1.0,4.4917324841441374e-05,0.33420387,1.0,0.4376918271096878
truck|cost_1|cap_2|rel_4,truck,cost_1,cap_2,rel_4,37,0.32109775,0.13868944329983704,1.0,0.3759255773764016,0.32109775,1.0,0.24288996426748216
truck|cost_3|cap_3|rel_1,truck,cost_3,cap_3,rel_1,10,0.31814395,0.16102091167750704,1.0,0.0,0.31814395,1.0,0.37412113125754337
truck|cost_9|cap_2|rel_1,truck,cost_9,cap_2,rel_1,36,0.311135335,0.22778969535299376,1.0,0.0,0.311135335,1.0,0.5188352679084786
truck|cost_7|cap_3|rel_1,truck,cost_7,cap_3,rel_1,10,0.30763820000000003,0.1927370243390043,1.0,0.0,0.30763820000000003,1.0,0.4428623844162024
truck|cost_7|cap_2|rel_3,truck,cost_7,cap_2,rel_3,36,0.262243445,0.19258072491073094,1.0,0.07423742032085062,0.262243445,1.0,0.4261664104681729
truck|cost_5|cap_2|rel_3,truck,cost_5,cap_2,rel_3,29,0.259581435,0.1741872643675996,1.0,0.06443382441419829,0.259581435,1.0,0.3884606585406759
truck|cost_10|cap_2|rel_2,truck,cost_10,cap_2,rel_2,27,0.25541634,0.2679907598145903,1.0,0.0002931150664947556,0.25541634,1.0,0.6059021549291103
truck|cost_10|cap_2|rel_1,truck,cost_10,cap_2,rel_1,30,0.25345409,0.28105534130936705,1.0,0.0,0.25345409,1.0,0.6342828100592417
truck|cost_4|cap_3|rel_1,truck,cost_4,cap_3,rel_1,7,0.2453766,0.16838569109224197,1.0,0.0,0.2453766,1.0,0.39008349624247324
truck|cost_6|cap_2|rel_1,truck,cost_6,cap_2,rel_1,23,0.24520398,0.18246372690186055,1.0,0.0,0.24520398,1.0,0.42059612034285604
truck|cost_5|cap_2|rel_4,truck,cost_5,cap_2,rel_4,19,0.24025091,0.1740238609919459,1.0,0.39325906214866485,0.24025091,1.0,0.31565430429233754
truck|cost_4|cap_2|rel_5,truck,cost_4,cap_2,rel_5,18,0.23689696,0.1681768271431837,1.0,0.7984443643062618,0.23689696,1.0,0.2137043863303209
truck|cost_6|cap_2|rel_4,truck,cost_6,cap_2,rel_4,20,0.23047542,0.18147787694540823,1.0,0.3587792817549363,0.23047542,1.0,0.339407233254843
truck|cost_9|cap_2|rel_4,truck,cost_9,cap_2,rel_4,24,0.22649586,0.22888507299664237,1.0,0.35295207895570885,0.22649586,1.0,0.4434411625002398
truck|cost_1|cap_2|rel_5,truck,cost_1,cap_2,rel_5,20,0.22571643,0.1378725334882202,1.0,0.7579471403312645,0.22571643,1.0,0.1569461143195206
truck|cost_5|cap_2|rel_2,truck,cost_5,cap_2,rel_2,27,0.22120721999999998,0.17483808888954405,1.0,0.00016735415863533334,0.22120721999999998,1.0,0.40403149825894513
truck|cost_3|cap_2|rel_4,truck,cost_3,cap_2,rel_4,27,0.21885949,0.1624297595693198,1.0,0.4064136297465524,0.21885949,1.0,0.28762690894199183
truck|cost_7|cap_2|rel_5,truck,cost_7,cap_2,rel_5,24,0.21687498,0.19441412645403822,1.0,0.860857359256454,0.21687498,1.0,0.25681904297448666
truck|cost_6|cap_2|rel_2,truck,cost_6,cap_2,rel_2,20,0.21586115,0.18035232200349469,1.0,0.00020423157786114997,0.21586115,1.0,0.4159748783040357
truck|cost_2|cap_3|rel_2,truck,cost_2,cap_3,rel_2,5,0.20488204999999998,0.15547375150071313,1.0,0.0013335346069914401,0.20488204999999998,1.0,0.36180443359488973
truck|cost_5|cap_2|rel_1,truck,cost_5,cap_2,rel_1,24,0.202556195,0.1731160194194734,1.0,0.0,0.202556195,1.0,0.40033597265836585
truck|cost_10|cap_2|rel_4,truck,cost_10,cap_2,rel_4,22,0.19640797,0.28392992597432987,1.0,0.39979857277818986,0.19640797,1.0,0.5524229524590298
truck|cost_6|cap_2|rel_5,truck,cost_6,cap_2,rel_5,17,0.19121495,0.1824310566847622,1.0,0.8112009079447681,0.19121495,1.0,0.24178815943143336
truck|cost_2|cap_2|rel_2,truck,cost_2,cap_2,rel_2,18,0.18933105,0.15640441452573892,1.0,3.438614013271111e-05,0.18933105,1.0,0.3641077951151117
truck|cost_10|cap_2|rel_5,truck,cost_10,cap_2,rel_5,13,0.17252196,0.25254303316762405,1.0,0.8022124774292421,0.17252196,1.0,0.39572878501198305
truck|cost_9|cap_2|rel_5,truck,cost_9,cap_2,rel_5,14,0.16437574,0.23025298239728467,1.0,0.8141227372501342,0.16437574,1.0,0.3447932395554239
truck|cost_3|cap_2|rel_5,truck,cost_3,cap_2,rel_5,15,0.15871756,0.16084159985629293,1.0,0.8016208889504093,0.15871756,1.0,0.19710616813963336
truck|cost_5|cap_2|rel_5,truck,cost_5,cap_2,rel_5,15,0.15817186,0.1746914524322508,1.0,0.7627823520594116,0.15817186,1.0,0.23568177615819616
truck|cost_5|cap_3|rel_1,truck,cost_5,cap_3,rel_1,6,0.1511544,0.17536667874523146,1.0,0.0,0.1511544,1.0,0.40521403398123557
truck|cost_8|cap_2|rel_4,truck,cost_8,cap_2,rel_4,18,0.15039389,0.20576844548225018,1.0,0.3609944583497019,0.15039389,1.0,0.39156633626312043
truck|cost_1|cap_2|rel_1,truck,cost_1,cap_2,rel_1,16,0.14685871,0.13356308017508184,1.0,0.0,0.14685871,1.0,0.31460924319481165
truck|cost_2|cap_2|rel_5,truck,cost_2,cap_2,rel_5,18,0.14625224,0.15473852139297142,1.0,0.767785474127775,0.14625224,1.0,0.19133358003870407
truck|cost_1|cap_2|rel_2,truck,cost_1,cap_2,rel_2,18,0.14220105,0.1367604167910855,1.0,0.0004317288130126778,0.14220105,1.0,0.32144399982513966
truck|cost_1|cap_1|rel_3,truck,cost_1,cap_1,rel_3,130,0.12307870615,0.13609917936387791,1.0,0.059278071084675574,0.12307870615,1.0,0.30704484317307146
truck|cost_8|cap_2|rel_2,truck,cost_8,cap_2,rel_2,14,0.12004348,0.20552098752101908,1.0,0.00014630907783575,0.12004348,1.0,0.47053800845340304
truck|cost_4|cap_2|rel_4,truck,cost_4,cap_2,rel_4,13,0.11835770000000001,0.1669380693918693,1.0,0.3119709003654742,0.11835770000000001,1.0,0.31820736264670463
truck|cost_2|cap_2|rel_1,truck,cost_2,cap_2,rel_1,15,0.11539957,0.15400493485811628,1.0,0.0,0.11539957,1.0,0.35891475827468694
truck|cost_9|cap_2|rel_2,truck,cost_9,cap_2,rel_2,15,0.113038135,0.22456836112492087,1.0,0.00037511990403788,0.113038135,1.0,0.5117707208371527
truck|cost_8|cap_2|rel_5,truck,cost_8,cap_2,rel_5,15,0.1103661,0.20659639395348287,1.0,0.7689456383714404,0.1103661,1.0,0.30347429869797843
truck|cost_7|cap_2|rel_1,truck,cost_7,cap_2,rel_1,12,0.105308245,0.19173637725778223,1.0,0.0,0.105308245,1.0,0.4406935898017141
truck|cost_3|cap_2|rel_2,truck,cost_3,cap_2,rel_2,15,0.105003445,0.1614344793067191,1.0,0.0008853008031066133,0.105003445,1.0,0.3748224304229658
truck|cost_4|cap_2|rel_1,truck,cost_4,cap_2,rel_1,11,0.09929432,0.16663720567634036,1.0,0.0,0.09929432,1.0,0.38629384270259826
truck|cost_4|cap_2|rel_2,truck,cost_4,cap_2,rel_2,11,0.09591086,0.16678187083712484,1.0,0.0005421562679660364,0.09591086,1.0,0.38648793203129855
truck|cost_3|cap_2|rel_1,truck,cost_3,cap_2,rel_1,11,0.07424373,0.16136877852646275,1.0,0.0,0.07424373,1.0,0.3748750951302534
truck|cost_3|cap_1|rel_3,truck,cost_3,cap_1,rel_3,65,0.05102222864,0.16155177054883016,1.0,0.05558531616976084,0.05102222864,1.0,0.3630242377568563
truck|cost_10|cap_1|rel_3,truck,cost_10,cap_1,rel_3,72,0.04117209435,0.27223141079521856,1.0,0.06122907535194852,0.04117209435,1.0,0.601666893587031
truck|cost_8|cap_1|rel_3,truck,cost_8,cap_1,rel_3,41,0.04004634272,0.20628120826183155,1.0,0.06923424466557161,0.04004634272,1.0,0.4569631124463554
truck|cost_7|cap_1|rel_4,truck,cost_7,cap_1,rel_4,23,0.037781318,0.1900072280033415,1.0,0.31348088192599893,0.037781318,1.0,0.36787457157901005
truck|cost_8|cap_1|rel_1,truck,cost_8,cap_1,rel_1,52,0.0365364039,0.20618267835901985,1.0,0.0,0.0365364039,1.0,0.47200438919901666
truck|cost_1|cap_1|rel_4,truck,cost_1,cap_1,rel_4,32,0.0358638284,0.13541487713908948,1.0,0.3864879922005065,0.0358638284,1.0,0.2334654100316687
truck|cost_2|cap_1|rel_3,truck,cost_2,cap_1,rel_3,42,0.03558549613,0.15490077263722324,1.0,0.06080636722753278,0.03558549613,1.0,0.3474585291821958
truck|cost_9|cap_1|rel_3,truck,cost_9,cap_1,rel_3,35,0.033170974150000004,0.22785046293707256,1.0,0.05262148451810196,0.033170974150000004,1.0,0.507372542478929
truck|cost_10|cap_1|rel_2,truck,cost_10,cap_1,rel_2,30,0.03214418458,0.28087230454896006,1.0,0.00016585704723692,0.03214418458,1.0,0.6338495532663955
truck|cost_1|cap_1|rel_2,truck,cost_1,cap_1,rel_2,131,0.02991446371,0.08068421192364225,1.0,0.000395218282428942,0.02991446371,1.0,0.19991291899525135
truck|cost_2|cap_1|rel_4,truck,cost_2,cap_1,rel_4,14,0.026289436,0.1545993554663884,1.0,0.37488157721931736,0.026289436,1.0,0.27760301409610905
truck|cost_2|cap_1|rel_1,truck,cost_2,cap_1,rel_1,17,0.026247336700000002,0.15626900754473433,1.0,0.0,0.026247336700000002,1.0,0.36382189161039846
truck|cost_7|cap_1|rel_3,truck,cost_7,cap_1,rel_3,35,0.0249216603,0.19236337895487307,1.0,0.054786609184094434,0.0249216603,1.0,0.4299810597904008
truck|cost_4|cap_1|rel_3,truck,cost_4,cap_1,rel_3,30,0.0230338915,0.16762948066448585,1.0,0.050982354945897305,0.0230338915,1.0,0.37721121913340916
truck|cost_10|cap_1|rel_1,truck,cost_10,cap_1,rel_1,52,0.01979738428,0.28322279527109673,1.0,0.0,0.01979738428,1.0,0.6389805327304654
truck|cost_9|cap_1|rel_2,truck,cost_9,cap_1,rel_2,33,0.0186496142,0.22629763288435048,1.0,0.0003031246936801928,0.0186496142,1.0,0.5155345940202396
truck|cost_3|cap_1|rel_1,truck,cost_3,cap_1,rel_1,19,0.0172849646,0.16185906503711248,1.0,0.0,0.0172849646,1.0,0.3759377382576933
truck|cost_6|cap_1|rel_2,truck,cost_6,cap_1,rel_2,34,0.0155396395,0.18082449906201783,1.0,0.00028207746651466765,0.0155396395,1.0,0.41698111885835093
truck|cost_4|cap_1|rel_2,truck,cost_4,cap_1,rel_2,37,0.015145209199999999,0.16659634094248324,1.0,0.000642265648722699,0.015145209199999999,1.0,0.38606375824824724
truck|cost_9|cap_1|rel_1,truck,cost_9,cap_1,rel_1,22,0.01512677428,0.22428146186502385,1.0,0.0,0.01512677428,1.0,0.5112315502363255
truck|cost_5|cap_1|rel_3,truck,cost_5,cap_1,rel_3,28,0.01491657915,0.1738928358056619,1.0,0.05006247516244132,0.01491657915,1.0,0.3909890488822194
truck|cost_2|cap_1|rel_2,truck,cost_2,cap_1,rel_2,23,0.01436099472,0.15310698157630187,1.0,0.0006825953701303695,0.01436099472,1.0,0.3568181407330534
truck|cost_8|cap_1|rel_4,truck,cost_8,cap_1,rel_4,18,0.01410692142,0.20620237876972267,1.0,0.41419316041059084,0.01410692142,1.0,0.38078522516349395
truck|cost_6|cap_1|rel_3,truck,cost_6,cap_1,rel_3,20,0.013414354199999999,0.1806454223170944,1.0,0.05372037229269801,0.013414354199999999,1.0,0.40481858360910633
truck|cost_1|cap_1|rel_1,truck,cost_1,cap_1,rel_1,43,0.013289779619999999,0.0925082494008288,1.0,0.0,0.013289779619999999,1.0,0.22562732584070666
truck|cost_3|cap_1|rel_2,truck,cost_3,cap_1,rel_2,38,0.01287702135,0.1617208684615509,1.0,0.0004482002107972431,0.01287702135,1.0,0.37553945723034454
truck|cost_3|cap_1|rel_4,truck,cost_3,cap_1,rel_4,15,0.012020496,0.16043618486289485,1.0,0.42554960046805973,0.012020496,1.0,0.2790896983921075
truck|cost_6|cap_1|rel_5,truck,cost_6,cap_1,rel_5,6,0.01154136,0.18233334209120436,1.0,0.7583175861166763,0.01154136,1.0,0.2532284985141277
truck|cost_1|cap_1|rel_5,truck,cost_1,cap_1,rel_5,12,0.011491888,0.14119100867584755,1.0,0.7481136056960556,0.011491888,1.0,0.16630523774051734
truck|cost_7|cap_1|rel_5,truck,cost_7,cap_1,rel_5,9,0.011291392,0.19171257138562806,1.0,0.8052784614338502,0.011291392,1.0,0.26320977241252136
truck|cost_4|cap_1|rel_1,truck,cost_4,cap_1,rel_1,8,0.010984355,0.16664983983471998,1.0,0.0,0.010984355,1.0,0.3863212258781119
truck|cost_5|cap_1|rel_5,truck,cost_5,cap_1,rel_5,5,0.009419299999999999,0.176028821340724,1.0,0.9077026237115378,0.009419299999999999,1.0,0.20664915663544223
truck|cost_5|cap_1|rel_4,truck,cost_5,cap_1,rel_4,6,0.009070786,0.17449876035130177,1.0,0.4368324886118508,0.009070786,1.0,0.3070827820684161
truck|cost_10|cap_1|rel_5,truck,cost_10,cap_1,rel_5,8,0.008445114,0.250506499626545,1.0,0.7247019215530573,0.008445114,1.0,0.4083932211904905
truck|cost_10|cap_1|rel_4,truck,cost_10,cap_1,rel_4,7,0.007670222,0.33444539843506643,1.0,0.5343480570751837,0.007670222,1.0,0.6322636305951681
truck|cost_3|cap_1|rel_5,truck,cost_3,cap_1,rel_5,8,0.0076611202,0.1611448355012307,1.0,0.787150287942457,0.0076611202,1.0,0.20095179996545498
truck|cost_5|cap_1|rel_2,truck,cost_5,cap_1,rel_2,29,0.00688333116,0.17354303139589106,1.0,0.0005086671428659689,0.00688333116,1.0,0.4011493971307257
truck|cost_7|cap_1|rel_1,truck,cost_7,cap_1,rel_1,10,0.00679462145,0.1926154060743954,1.0,0.0,0.00679462145,1.0,0.44259878994592716
truck|cost_8|cap_1|rel_2,truck,cost_8,cap_1,rel_2,24,0.0059787347,0.202816013119308,1.0,0.0008438571019247491,0.0059787347,1.0,0.46452157293227236
truck|cost_6|cap_1|rel_1,truck,cost_6,cap_1,rel_1,16,0.00496734605,0.18147049511695,1.0,0.0,0.00496734605,1.0,0.4184433975832775
truck|cost_5|cap_1|rel_1,truck,cost_5,cap_1,rel_1,5,0.004747344,0.17313125007029304,1.0,0.0,0.004747344,1.0,0.4003689834511744
truck|cost_9|cap_1|rel_5,truck,cost_9,cap_1,rel_5,2,0.00439732,0.215520817225037,1.0,0.6013108360716488,0.00439732,1.0,0.3597530855931355
truck|cost_7|cap_1|rel_2,truck,cost_7,cap_1,rel_2,27,0.00355147185,0.19100707408122947,1.0,6.641320805887407e-05,0.00355147185,1.0,0.43909827057986967
truck|cost_4|cap_1|rel_5,truck,cost_4,cap_1,rel_5,2,0.00244264,0.168035404316641,1.0,0.7613544453036852,0.00244264,1.0,0.22157012976409954
truck|cost_4|cap_1|rel_4,truck,cost_4,cap_1,rel_4,3,0.002351641,0.16823312655821065,1.0,0.47623386336595036,0.002351641,1.0,0.28482113648259355
truck|cost_8|cap_1|rel_5,truck,cost_8,cap_1,rel_5,4,0.0007492156,0.2056255002905511,1.0,0.7417423475294964,0.0007492156,1.0,0.30736386872700344
truck|cost_2|cap_1|rel_5,truck,cost_2,cap_1,rel_5,2,0.000476154,0.1536834721539669,1.0,0.6240640428630033,0.000476154,1.0,0.2207139487231113
truck|cost_6|cap_1|rel_4,truck,cost_6,cap_1,rel_4,1,0.000277569,0.1853200465469847,1.0,0.484293173163742,0.000277569,1.0,0.3200794325469823
