segment_id,mode,cost_bin,capacity_bin,reliability_bin,lane_count,capacity,unit_cost,transit_days,reliability
truck|cost_10|cap_3|rel_1,truck,cost_10,cap_3,rel_1,25,1.3105126,0.3237199338791328,1.0,0.0
truck|cost_10|cap_7|rel_1,truck,cost_10,cap_7,rel_1,26,85.64479,0.28576855592527617,1.0,0.0
truck|cost_10|cap_1|rel_1,truck,cost_10,cap_1,rel_1,51,0.03502622856,0.2833197270368628,1.0,0.0
truck|cost_10|cap_10|rel_1,truck,cost_10,cap_10,rel_1,5,758.6193000000001,0.28297528045190296,1.0,0.0
truck|cost_10|cap_8|rel_1,truck,cost_10,cap_8,rel_1,20,133.63747,0.28138856480288477,1.0,0.0
truck|cost_10|cap_5|rel_1,truck,cost_10,cap_5,rel_1,24,10.736063,0.2812139430996224,1.0,0.0
truck|cost_10|cap_8|rel_2,truck,cost_10,cap_8,rel_2,29,212.06187,0.2796829399477636,1.0,0.0
truck|cost_10|cap_6|rel_1,truck,cost_10,cap_6,rel_1,37,47.963317,0.27820447258828634,1.0,0.0
truck|cost_10|cap_9|rel_1,truck,cost_10,cap_9,rel_1,19,450.94710000000003,0.27620112498770155,1.0,0.0
truck|cost_10|cap_4|rel_1,truck,cost_10,cap_4,rel_1,37,5.719518,0.27604499494558954,1.0,0.0
truck|cost_10|cap_9|rel_2,truck,cost_10,cap_9,rel_2,43,1193.8756,0.2745792365638344,1.0,0.0
truck|cost_10|cap_10|rel_2,truck,cost_10,cap_10,rel_2,17,2320.9433,0.27307972363270994,1.0,0.0
truck|cost_10|cap_2|rel_1,truck,cost_10,cap_2,rel_1,25,0.29965872,0.27227612091842324,1.0,0.0
truck|cost_9|cap_5|rel_1,truck,cost_9,cap_5,rel_1,10,4.414198,0.23116226286157024,1.0,0.0
truck|cost_9|cap_4|rel_1,truck,cost_9,cap_4,rel_1,42,6.4715002,0.22852124201929583,1.0,0.0
truck|cost_9|cap_2|rel_1,truck,cost_9,cap_2,rel_1,33,0.52258857,0.22846685099523645,1.0,0.0
truck|cost_9|cap_6|rel_1,truck,cost_9,cap_6,rel_1,33,39.885688,0.22834560730077078,1.0,0.0
truck|cost_9|cap_3|rel_1,truck,cost_9,cap_3,rel_1,17,1.0070461,0.22802498764906676,1.0,0.0
truck|cost_9|cap_8|rel_1,truck,cost_9,cap_8,rel_1,9,73.33830999999999,0.2278390919632611,1.0,0.0
truck|cost_9|cap_10|rel_2,truck,cost_9,cap_10,rel_2,11,1022.4313,0.22747672550858208,1.0,0.0
truck|cost_9|cap_9|rel_1,truck,cost_9,cap_9,rel_1,32,897.3998,0.22600563739612922,1.0,0.0
truck|cost_9|cap_6|rel_2,truck,cost_9,cap_6,rel_2,34,40.850904,0.22435488461045958,1.0,0.0
truck|cost_9|cap_1|rel_1,truck,cost_9,cap_1,rel_1,22,0.03025354856,0.22428146186502385,1.0,0.0
truck|cost_9|cap_7|rel_1,truck,cost_9,cap_7,rel_1,27,74.59621,0.22286510767050932,1.0,0.0
truck|cost_9|cap_10|rel_1,truck,cost_9,cap_10,rel_1,7,717.9646,0.22199144676347182,1.0,0.0
truck|cost_8|cap_5|rel_1,truck,cost_8,cap_5,rel_1,22,11.346818,0.21125107697808906,1.0,0.0
truck|cost_8|cap_4|rel_1,truck,cost_8,cap_4,rel_1,8,1.0674435,0.20865808170785607,1.0,0.0
truck|cost_8|cap_7|rel_1,truck,cost_8,cap_7,rel_1,22,66.00133,0.20838182983261683,1.0,0.0
truck|cost_8|cap_5|rel_2,truck,cost_8,cap_5,rel_2,6,2.260262,0.20835802133220058,1.0,0.0
truck|cost_8|cap_10|rel_2,truck,cost_8,cap_10,rel_2,4,1450.681,0.2078498114391848,1.0,0.0
truck|cost_8|cap_6|rel_2,truck,cost_8,cap_6,rel_2,30,36.484564,0.20776400103816556,1.0,0.0
truck|cost_8|cap_2|rel_1,truck,cost_8,cap_2,rel_1,35,0.55609594,0.20761934661235137,1.0,0.0
truck|cost_8|cap_6|rel_1,truck,cost_8,cap_6,rel_1,27,24.981019,0.20729454664764965,1.0,0.0
truck|cost_8|cap_7|rel_2,truck,cost_8,cap_7,rel_2,15,41.65668,0.20660894394334092,1.0,0.0
truck|cost_8|cap_2|rel_2,truck,cost_8,cap_2,rel_2,12,0.17228596,0.20616487961352692,1.0,0.0
truck|cost_8|cap_9|rel_1,truck,cost_8,cap_9,rel_1,37,1177.4331,0.20608781743467394,1.0,0.0
truck|cost_8|cap_1|rel_1,truck,cost_8,cap_1,rel_1,51,0.0685149878,0.2060209891539652,1.0,0.0
truck|cost_8|cap_8|rel_1,truck,cost_8,cap_8,rel_1,43,350.2248,0.20488407756713056,1.0,0.0
truck|cost_8|cap_3|rel_1,truck,cost_8,cap_3,rel_1,21,0.9844614,0.20446694497406157,1.0,0.0
truck|cost_8|cap_10|rel_1,truck,cost_8,cap_10,rel_1,7,1147.0965,0.20304702230839192,1.0,0.0
truck|cost_7|cap_10|rel_2,truck,cost_7,cap_10,rel_2,15,2058.4296,0.19409055393357327,1.0,0.0
truck|cost_7|cap_10|rel_1,truck,cost_7,cap_10,rel_1,38,5669.9018,0.19365887876041415,1.0,0.0
truck|cost_7|cap_8|rel_1,truck,cost_7,cap_8,rel_1,47,340.67421,0.19267790204294852,1.0,0.0
truck|cost_7|cap_5|rel_1,truck,cost_7,cap_5,rel_1,16,8.11871,0.19264588400308752,1.0,0.0
truck|cost_7|cap_1|rel_1,truck,cost_7,cap_1,rel_1,10,0.0135892429,0.1926154060743954,1.0,0.0
truck|cost_7|cap_7|rel_1,truck,cost_7,cap_7,rel_1,10,29.25206,0.19233715920356925,1.0,0.0
truck|cost_7|cap_3|rel_1,truck,cost_7,cap_3,rel_1,13,0.7137211,0.19221907688527182,1.0,0.0
truck|cost_7|cap_2|rel_1,truck,cost_7,cap_2,rel_1,9,0.11217179,0.1921509745527662,1.0,0.0
truck|cost_7|cap_6|rel_1,truck,cost_7,cap_6,rel_1,17,18.215549,0.19198681469586298,1.0,0.0
truck|cost_7|cap_9|rel_2,truck,cost_7,cap_9,rel_2,32,1010.9969,0.19186286198346947,1.0,0.0
