forecast_date,horizon_months,actual_supply,baseline_q50,module1_q50,module1_q50_calibrated
2012-02-01,1,12402666704.0,12542281988.957865,12461227938.541656,18988575626.0587
2012-03-01,1,14407339029.0,14162417287.045994,13985914243.285776,18996341353.057484
2012-04-01,1,12508837271.0,12534174433.485624,12520783979.796951,18988878964.493683
2012-05-01,1,13638829321.0,13540685048.938868,13477992661.069529,18993754341.99035
2012-06-01,1,13691511869.0,13647622196.307177,13688517363.121038,18994826613.288086
2012-07-01,1,13236516471.0,13251236880.682842,13251697222.1431,18992601745.16154
2012-08-01,1,13454126348.0,13395253094.543056,13349397464.68992,18993099364.513783
2012-09-01,1,13136362011.0,13111848895.38066,13130329675.91483,18991983580.47574
2012-10-01,1,13806343142.0,13611921167.478392,13611068554.092257,18994432141.123272
2012-11-01,1,12995830345.0,13031161488.567356,13004204974.20394,18991341186.038116
2012-12-01,1,12979986874.0,13003512719.839684,13081865213.28916,18991736735.085495
2013-01-01,1,13270087181.0,13263771655.201122,13341005752.46637,18993056622.77341
2013-02-01,1,12442104437.0,12395508504.269522,12355932859.710363,18988039323.716393
2013-03-01,1,13934248352.0,13750094588.90633,13698969244.408,18994879848.144627
2013-04-01,1,13877522014.0,13835805979.336288,13884849994.13181,18995826599.71719
2013-05-01,1,14885665265.0,13228171869.972605,13473177735.736267,18993729817.997746
2013-06-01,1,14063161830.0,14089561811.765123,14110868265.806135,18996977784.84235
2013-07-01,1,14890811919.0,14892119179.61869,14911088267.97184,19001053567.55021
2013-08-01,1,14526726621.0,14615565091.945122,14596195397.888582,18999449714.97062
2013-09-01,1,15218483480.0,15119947424.329851,14976334596.33765,19001385888.48218
2013-10-01,1,15160724733.0,15059804713.060764,15136860029.040976,19002203497.116074
2013-11-01,1,13704923064.0,13781864356.003258,13700070325.681309,18994885456.31238
2013-12-01,1,13322370066.0,13373861369.685385,13335563086.940474,18993028901.494297
2014-01-01,1,12042272680.0,12261114450.764702,12216395155.514168,18987328612.46159
2014-02-01,1,12129411973.0,12221805336.350977,12244098655.954096,18987469715.467934
2014-03-01,1,13642635317.0,13646343108.1141,13629227851.912111,18994524632.377975
2014-04-01,1,14739015105.0,14455674181.294289,14530875769.225191,18999117020.696205
2014-05-01,1,14441958963.0,14400851773.830082,14308472651.459911,18997984248.73461
2014-06-01,1,14131294655.0,14145291855.207024,14148902558.337954,18997171505.95828
2014-07-01,1,14115471456.0,14189995174.60173,14104499558.291042,18996945346.927914
2014-08-01,1,15314135510.0,15101640363.274471,15177523478.692415,19002410609.390804
2014-09-01,1,15311949482.0,14432730572.252146,14628765563.729214,18999615605.49868
2014-10-01,1,16135798066.0,15454157158.255053,15491721106.582989,19004010920.87407
2014-11-01,1,13401732288.0,13667478675.02774,13539364848.904297,18994066930.65502
2014-12-01,1,14489462174.0,14425413888.50183,14492558500.176456,18998921858.288147
2015-01-01,1,13320512109.0,13434193421.077648,13367639962.983246,18993192279.535763
2015-02-01,1,12147033380.0,12168228481.005829,12171584223.199287,18987100375.698505
2015-03-01,1,13640767734.0,13641939672.50697,13617070776.862831,18994462712.410805
2015-04-01,1,13846694397.0,13846957413.245672,13848248006.798336,18995640173.801014
2015-05-01,1,13586956224.0,13627593050.709251,13639367174.84426,18994576275.272385
2015-06-01,1,13610916537.0,13608907266.06058,13627221449.964935,18994514413.11535
2015-07-01,1,14322958353.0,14295965154.980326,14322783881.746044,18998057140.520332
2015-08-01,1,13125503297.0,13181001864.802578,13152864063.606731,18992098355.496906
2015-09-01,1,13861045488.0,13857488851.009336,13781640550.925129,18995300920.200592
2015-10-01,1,13554712255.0,13577876834.63831,13567527945.725674,18994210374.536346
2015-11-01,1,11855356229.0,12076538890.7922,12014566914.696018,18986300635.090797
2015-12-01,1,13581128076.0,13405092443.18243,13508085104.69035,18993907612.667183
2016-01-01,1,12456584762.0,12488368284.184937,12518304358.968792,18988866334.972218
2016-02-01,1,12005416664.0,12045515050.92396,12081491225.763302,18986641502.538555
2016-03-01,1,15882037156.0,14433577482.113132,13554922464.64356,18994146170.690304
2016-04-01,1,14256086284.0,13896007074.18695,13830396219.602198,18995549248.798687
2016-05-01,1,14436541054.0,14441221899.782772,14435979964.775526,18998633685.266228
2016-06-01,1,15024868444.0,14975736243.982162,14923370683.011436,19001116125.915024
2016-07-01,1,14551800842.0,14516569218.461964,14469695608.613802,18998805410.08911
2016-08-01,1,15153544611.0,15141890419.344408,15122761390.01629,19002131688.127316
2016-09-01,1,14511045046.0,14217363172.117996,14183127111.58574,18997345822.82356
2016-10-01,1,15428124242.0,15398562495.335464,15298270696.888475,19003025614.542652
2016-11-01,1,14306893703.0,14447401774.019342,14332892583.461248,18998108627.45085
2016-12-01,1,14995700048.0,15005381652.51698,15008247493.84827,19001548431.32725
2017-01-01,1,16015322383.0,15683140740.14564,15985541402.35345,19006526109.46826
2017-02-01,1,14640813035.0,14644643732.27608,14635323844.035858,18999649008.96947
2017-03-01,1,16666647849.0,16300884082.378134,16454460651.486288,19008914468.871704
2017-04-01,1,14313490890.0,14007653664.002975,14080251618.87976,18996821844.2263
2017-05-01,1,16206726644.0,16130120754.347818,16065511134.093472,19006933421.518566
2017-06-01,1,16221936802.0,16156695917.797316,16187203358.73375,19007553239.897923
2017-07-01,1,14538702735.0,14750329881.42111,14607458189.62894,18999507080.059834
2017-08-01,1,16321024221.0,16362506192.745138,16327929779.349998,19008270005.675
2017-09-01,1,16528007735.0,16557368611.272682,16558375793.751495,19009443742.74487
2017-10-01,1,15792710618.0,15786191980.944565,15772104913.45184,19005439007.485886
2017-11-01,1,17919251284.0,17548715090.734596,17692748688.606205,19015221475.63907
2017-12-01,1,16555913336.0,16529583939.365875,16550976689.88658,19009406056.684155
2018-01-01,1,15792705183.0,15762872540.291697,15784782731.1904,19005503579.766224
2018-02-01,1,16027285171.0,16046030626.336128,16138022962.439522,19007302748.02289
2018-03-01,1,16269499964.0,16222287329.157627,16169346160.64997,19007462287.33617
2018-04-01,1,16735417807.0,16734275315.634308,16751333912.516594,19010426541.677258
2018-05-01,1,18659045468.0,17369670916.93091,17568728908.37378,19014589802.256332
2018-06-01,1,16734974592.0,16711442930.051577,16752618778.591408,19010433085.921234
2018-07-01,1,17091457368.0,17140320435.788897,17165742819.29255,19012537262.043716
2018-08-01,1,17662177999.0,17018963428.674397,17399449786.606613,19013727608.2154
2018-09-01,1,16163468299.0,16076697536.707968,16113315655.779518,19007176905.61334
2018-10-01,1,15018312664.0,14865507030.617409,14860623877.063702,19000796535.869835
2018-11-01,1,16089025644.0,16092505576.28214,16078111756.817766,19006997600.6194
2018-12-01,1,17686714202.0,17413670820.030064,17213891989.644264,19012782501.547085
2019-01-01,1,14564220624.0,14731034204.969692,14655782813.374231,18999753213.204834
2019-02-01,1,12938284687.0,12952969048.409538,12970282773.084732,18991168409.15131
2019-03-01,1,16715625564.0,16759554588.505053,16795107310.078716,19010649493.93584
2019-04-01,1,12718876580.0,12932002129.740711,12786645346.984632,18990233083.56111
2019-05-01,1,15572264308.0,15585306992.0634,15630811620.610268,19004719354.442795
2019-06-01,1,15266537991.0,15296271998.050167,15298043276.24792,19003024456.2148
2019-07-01,1,14621505917.0,14667301673.942944,14712372904.027628,19000041445.08144
2019-08-01,1,18700004068.0,16866738658.558498,16835847599.07241,19010856997.578518
2019-09-01,1,15128612959.0,15109511478.287434,15147543260.155727,19002257910.3131
2019-10-01,1,19059604038.0,18315526825.310097,18868447757.653748,19021209696.28127
2019-11-01,1,15102976816.0,15114219472.867771,15209439813.196594,19002573169.741604
2019-12-01,1,18128386618.0,18029224107.148624,18118158185.595352,19017388225.616444
2020-01-01,1,15394419240.0,20384087062.115295,18536282121.869865,19019517867.845577
2021-02-01,1,14015649158.0,16081514826.362556,14983258517.05394,19001421154.2794
2021-03-01,1,23304825779.0,15661044979.288143,15410763910.812204,19003598579.345856
2021-04-01,1,17505916872.0,14964500059.419588,14871383093.413054,19000851336.08456
2021-05-01,1,20882183495.0,15433692414.648005,16905531403.319551,19011211920.029346
2021-06-01,1,21960801156.0,14295753704.104372,14774684425.107056,19000358818.07815
2021-07-01,1,18948651730.0,16283847486.688154,17764017840.38326,19015584472.784393
2021-08-01,1,22797670023.0,15647826814.255426,17837518263.31138,19015958834.52489
2021-09-01,1,20690069970.0,14910184572.679308,16430315429.37854,19008791489.34298
2021-10-01,1,17404362145.0,17122963749.374405,17405831157.35372,19013760110.62783
2021-11-01,1,19612659252.0,17263312971.96496,18074430280.87599,19017165505.067814
2021-12-01,1,22838461230.0,16518733507.723003,17660522168.237614,19015057335.41001
2022-01-01,1,16825969850.0,16306136570.724792,17205884304.81644,19012741715.784092
2022-02-01,1,17926558167.0,17815692712.820644,16614356192.232649,19009728869.25944
2022-03-01,1,24345128144.0,17562034654.948395,17026624663.357227,19011828687.685696
2022-04-01,1,19283273155.0,19305159885.402657,17883029744.1521,19016190639.411194
2022-05-01,1,22462593594.0,18251215493.19037,17045336715.232883,19011923994.297947
2022-06-01,1,25382434138.0,18964555461.099075,18068801565.755836,19017136836.177147
2022-07-01,1,18078761012.0,19673056400.064705,19226240041.198616,19023032049.632008
2022-08-01,1,19109349191.0,19121097103.12479,18719306440.59976,19020450070.67902
2022-09-01,1,22912337265.0,19551564801.258087,19415005647.45082,19023993494.72426
2022-10-01,1,21731214143.0,19276863518.987896,19072966365.808563,19022251376.57456
2022-11-01,1,18903201958.0,18688135881.942764,19212583645.386005,19022962493.132854
2022-12-01,1,18071089869.0,19100527455.386726,19229212324.820904,19023047188.446533
2023-01-01,1,15587939055.0,18847955976.18776,18198369919.85426,19017796770.264885
2023-02-01,1,16188265112.0,19282029270.975967,18789838102.65574,19020809311.547516
2023-03-01,1,18854384035.0,17293490212.309612,16856269886.613192,19010961014.98147
2023-04-01,1,14926679028.0,19180919525.086266,19433299104.93944,19024086669.298122
2023-05-01,1,17582537728.0,18883464777.562683,18714169649.781338,19020423907.320026
2023-06-01,1,17632184717.0,18611943638.137047,18409241666.518593,19018870809.174564
2023-07-01,1,17322727545.0,17894088961.31136,17395496478.223648,19013707472.720284
2023-08-01,1,16330912909.0,17113300250.051004,17033907879.657215,19011865783.493065
2023-09-01,1,17130679988.0,16782724742.842031,16874608730.27718,19011054420.721996
2023-10-01,1,16308621366.0,17747303170.42157,17472973324.128777,19014102087.6861
2023-11-01,1,15719830912.0,16376911923.131737,16375544317.779053,19008512522.122784
2023-12-01,1,16922530187.0,16509361151.668846,16513688809.426945,19009216137.289516
2024-01-01,1,15459241727.0,17045447610.529896,16872391937.275402,19011043129.868782
2024-02-01,1,12976621615.0,15269330334.641386,15503361674.646317,19004070210.1019
2024-03-01,1,18017207600.0,17522474807.76175,17317355675.80328,19013309476.006355
2024-04-01,1,15623948502.0,14329190065.033434,14525889814.131603,18999091625.592987
2024-05-01,1,17156929700.0,16178638146.213509,16168096164.080648,19007455920.69401
2024-06-01,1,19912255337.0,15854993323.80174,16466454858.91523,19008975559.300713
2024-07-01,1,18844751694.0,15340002292.56533,15367917187.10241,19003380346.94088
2024-08-01,1,17975867131.0,17003344785.571676,16995592412.269958,19011670630.261456
2024-09-01,1,23441488042.0,16266776689.209955,16053672479.674854,19006873123.372017
2024-10-01,1,19348491244.0,15635577882.09431,15638497681.62822,19004758502.070328
2024-11-01,1,18598094478.0,17884387008.463615,17231867119.33179,19012874054.77314
2024-12-01,1,21980718113.0,16823636986.589706,16277110622.612514,19008011167.055996
2025-01-01,1,19274866754.0,18247067334.67965,17757507161.96335,19015551311.765614
2025-02-01,1,15605625706.0,16384660731.135977,17220781926.889576,19012817594.25535
2025-03-01,1,21265670708.0,21724385848.65982,20874661380.604187,19031427999.711025
2025-04-01,1,16856528907.0,17017836734.13824,16537651670.256046,19009338187.99249
2025-05-01,1,17505528207.0,17811027474.95902,17531466047.695484,19014400010.295635
2025-06-01,1,20406895230.0,19071745729.216785,18645475438.7659,19020074025.191826
2025-07-01,1,16865172291.0,18329531068.279938,17352945434.401596,19013490746.30987
2025-08-01,1,16285611991.0,17722024715.958454,18089587619.96208,19017242706.36293
2025-09-01,1,19071771243.0,20396181080.764347,20958696457.832565,19031856017.89814
2025-10-01,1,18319747459.0,18295173831.97861,18119645431.755127,19017395800.648514
2025-11-01,1,22540004569.0,18675736171.6106,18700328836.858517,19020353411.524094
2025-12-01,1,26263259891.0,21083421294.995216,20985999659.488964,19031995082.051598
2026-01-01,1,,18021581631.98618,17168068785.045765,19012549108.949528
2026-02-01,1,,18348725696.85559,18617527998.5728,19019931679.72038
2026-03-01,1,,20622423579.001053,21062823622.97786,19032386371.673313
2026-04-01,1,,19408594655.372723,17748460961.309433,19015505236.50119
2026-05-01,1,,19230945946.026672,18906782344.367367,19021404946.89387
2026-06-01,1,,18798318559.130062,18475487963.274773,19019208223.273247
2026-07-01,1,,18026413534.830215,17608315501.942883,19014791429.75014
2026-08-01,1,,16280177831.295406,16455874294.630732,19008921669.0195
2026-09-01,1,,16279034380.085876,16462596613.358686,19008955907.991726
2026-10-01,1,,15485047719.62738,15755509616.685976,19005354482.20108
2026-11-01,1,,16114786495.20654,16264771896.71056,19007948321.881504
2026-12-01,1,,16301639246.468632,16148838039.951689,19007357832.75682
2012-04-01,3,12508837271.0,12523925840.799503,12555165059.38144,22761704192.445465
2012-05-01,3,13638829321.0,13595562258.63301,13646262311.991756,21855401974.97648
2012-06-01,3,13691511869.0,13594383006.705233,13664725018.986732,21840066227.17765
2012-07-01,3,13236516471.0,13233739974.108805,13231823795.39249,22199648599.830383
2012-08-01,3,13454126348.0,13500639665.926262,13454994589.536198,22014275403.148903
2012-09-01,3,13136362011.0,13131862919.927052,13138103549.37959,22277495800.508442
2012-10-01,3,13806343142.0,12998703818.619144,13126260011.484385,22287333442.965538
2012-11-01,3,12995830345.0,13064055499.887146,12918395045.220238,22459993102.22929
2012-12-01,3,12979986874.0,13007592810.697914,13111390836.797005,22299684281.49883
2013-01-01,3,13270087181.0,13114764630.41734,13286829511.52938,22153958994.812073
2013-02-01,3,12442104437.0,12536652231.846956,12504956400.2198,22803409199.97387
2013-03-01,3,13934248352.0,13548329789.401472,13782315746.340958,21742391398.742367
2013-04-01,3,13877522014.0,13826036661.726671,13891216009.881966,21651935162.972317
2013-05-01,3,14885665265.0,14506770052.127443,14133125627.818075,21450996866.55735
2013-06-01,3,14063161830.0,14102255603.9313,14089448932.093016,21487276204.712254
2013-07-01,3,14890811919.0,14531122431.23808,14248299395.545412,21355329646.39359
2013-08-01,3,14526726621.0,14665010204.783491,14508537686.317638,21139166935.477623
2013-09-01,3,15218483480.0,14892448816.930964,14880469439.137917,20830227863.80302
2013-10-01,3,15160724733.0,15068391163.369192,15170915766.755306,20588973337.549187
2013-11-01,3,13704923064.0,13563575545.229904,13476335984.144142,21996548520.22368
2013-12-01,3,13322370066.0,13385421045.94209,13273802877.263256,22164779357.06053
2014-01-01,3,12042272680.0,12444133081.246616,12285591323.997007,22985621238.855225
2014-02-01,3,12129411973.0,12216551297.651705,12286518233.203987,22984851316.77205
2014-03-01,3,13642635317.0,13645430971.409067,13648560429.011606,21853493081.386925
2014-04-01,3,14739015105.0,14677046199.714256,14737749431.668476,20948775920.7588
2014-05-01,3,14441958963.0,14575116640.984592,14618260995.82393,21048027049.93976
2014-06-01,3,14131294655.0,14129862305.712698,14143985564.826223,21441976236.207016
2014-07-01,3,14115471456.0,14242818506.105104,14065457725.342133,21507204111.070797
2014-08-01,3,15314135510.0,15169390992.81974,14907292269.079489,20807947915.61629
2014-09-01,3,15311949482.0,15312279521.93667,15286154121.620968,20493252469.127636
2014-10-01,3,16135798066.0,15564325118.10355,15752945914.38927,20105519445.44883
2014-11-01,3,13401732288.0,13508889904.455685,13553262251.544468,21932650965.207626
2014-12-01,3,14489462174.0,14476363938.800434,14483981458.46054,21159564167.444176
2015-01-01,3,13320512109.0,13573421343.588367,13314594701.537483,22130896290.536545
2015-02-01,3,12147033380.0,12242809140.246012,12275543253.894386,22993967505.142212
2015-03-01,3,13640767734.0,13678145065.000622,13598770500.30234,21894850277.26371
2015-04-01,3,13846694397.0,13845142108.262512,13812140717.315935,21717617770.849983
2015-05-01,3,13586956224.0,13604543669.334734,13573438027.812054,21915892284.23146
2015-06-01,3,13610916537.0,13629361056.49205,13735601691.57318,21781193669.870552
2015-07-01,3,14322958353.0,14328403744.437351,14322424539.291023,21293758799.261368
2015-08-01,3,13125503297.0,13126870636.249348,13141427790.62028,22274734573.49533
2015-09-01,3,13861045488.0,13857073146.677069,13858363490.239107,21679223575.009407
2015-10-01,3,13554712255.0,13638035111.690315,13607461616.592876,21887631142.628784
2015-11-01,3,11855356229.0,11907841244.53857,11975104412.652864,23243522150.596214
2015-12-01,3,13581128076.0,13573059939.167015,13585514747.291384,21905860953.27752
2016-01-01,3,12456584762.0,12458194110.728855,12489727262.97514,22816059035.560894
2016-02-01,3,12005416664.0,12020539690.354242,12057096334.829609,23175416891.68776
2016-03-01,3,15882037156.0,14891071027.74492,14973078416.59167,20753303720.3107
2016-04-01,3,14256086284.0,13810827087.788136,13969376718.475838,21587012239.42164
2016-05-01,3,14436541054.0,13955933420.733446,14104907728.202335,21474435606.718117
2016-06-01,3,15024868444.0,14850577538.358646,14968151577.991796,20757396118.799923
2016-07-01,3,14551800842.0,14667961273.408487,14562971793.106112,21093952128.483738
2016-08-01,3,15153544611.0,15165696926.204786,15302687629.327158,20479519179.394928
2016-09-01,3,14511045046.0,14370603896.110815,14380797127.724836,21245272556.435257
2016-10-01,3,15428124242.0,15197420279.899109,15093908303.714,20652938336.406097
2016-11-01,3,14306893703.0,14305395265.02325,14289739141.158056,21320908394.52971
2016-12-01,3,14995700048.0,15036249998.94095,14976677686.988176,20750314044.794777
2017-01-01,3,16015322383.0,15683795558.423136,15658781910.621284,20183735246.301155
2017-02-01,3,14640813035.0,14658143873.34851,14691464564.680534,20987221694.0261
2017-03-01,3,16666647849.0,16621079110.451609,16673959605.833162,19340494376.530426
2017-04-01,3,14313490890.0,14165884739.790169,14195216674.89856,21399421946.43049
2017-05-01,3,16206726644.0,15695283484.9481,15743142026.704412,20113662885.575134
2017-06-01,3,16221936802.0,15884229960.402683,15582687961.331123,20246941449.79278
2017-07-01,3,14538702735.0,14400680462.153517,14539363870.761108,21113561665.87367
2017-08-01,3,16321024221.0,16036832993.09386,15800263557.457443,20066215813.498978
2017-09-01,3,16528007735.0,16520902384.383366,16518973909.777128,19469230728.56093
2017-10-01,3,15792710618.0,15776691633.22447,15773910045.159063,20088105930.605385
2017-11-01,3,17919251284.0,17682648739.188236,17716385244.19957,18474620445.184906
2017-12-01,3,16555913336.0,16557553476.63249,16560583630.812338,19434668289.37207
2018-01-01,3,15792705183.0,15781610395.318497,15766181711.52832,20094525345.45601
2018-02-01,3,16027285171.0,16124925002.650724,16096742456.731655,19819950429.54521
2018-03-01,3,16269499964.0,16308547263.533571,16274341268.640568,19672430859.98546
2018-04-01,3,16735417807.0,16739871488.144367,16747075683.243498,19279761693.966072
2018-05-01,3,18659045468.0,17920569831.308006,17903526568.258274,18319174542.843273
2018-06-01,3,16734974592.0,16588595774.624533,16715082975.059872,19306335917.57473
2018-07-01,3,17091457368.0,16300736567.808878,16558213770.988775,19436636774.956696
2018-08-01,3,17662177999.0,17109344503.136898,17017312091.851822,19055294208.802265
2018-09-01,3,16163468299.0,16109189182.095093,16114175263.392658,19805470151.737
2018-10-01,3,15018312664.0,15059472360.079033,15015162334.8681,20718347396.882645
2018-11-01,3,16089025644.0,16083233023.512447,16191500310.013453,19741241357.23618
2018-12-01,3,17686714202.0,17366736442.46658,17329503251.309395,18795977691.036583
2019-01-01,3,14564220624.0,14587371324.922209,14577521431.637548,21081866707.47029
2019-02-01,3,12938284687.0,12982678865.805378,13067854752.885475,22335846822.73385
2019-03-01,3,16715625564.0,16630281863.024536,16874031867.594995,19174307600.736626
2019-04-01,3,12718876580.0,12739598960.238585,12720135210.133871,22624674415.23227
2019-05-01,3,15572264308.0,15665743929.87932,15585773388.300034,20244378589.97706
2019-06-01,3,15266537991.0,15410965325.124723,15268375483.850813,20508020005.93164
2019-07-01,3,14621505917.0,14988391578.217628,14714302327.091587,20968251877.480736
2019-08-01,3,18700004068.0,18212012275.13803,17765874771.473938,18433512772.8826
2019-09-01,3,15128612959.0,15226095069.772243,15135875675.88012,20618078820.112286
2019-10-01,3,19059604038.0,17184787284.51391,17402633800.93708,18735232987.359863
2019-11-01,3,15102976816.0,15234700923.53128,15201692192.764618,20563409398.980667
2019-12-01,3,18128386618.0,17496407179.370026,17862056848.136864,18353620692.54619
2020-01-01,3,15394419240.0,16495434411.56752,16249523899.16274,19693045004.99929
2020-02-01,3,13340080769.0,15396068359.563969,15298935837.621067,20482635544.260277
2020-03-01,3,20069828156.0,16550376828.730053,16475850907.661802,19505050150.108864
2021-04-01,3,17505916872.0,16080997616.642262,15975507957.52595,19920651897.90746
2021-05-01,3,20882183495.0,14803987184.74302,14542507579.25271,21110950395.457397
2021-06-01,3,21960801156.0,15471730574.976692,15003801509.650108,20727784081.891895
2021-07-01,3,18948651730.0,16702674265.44759,17859271499.527386,18355934297.144817
2021-08-01,3,22797670023.0,14613009710.535534,14933105726.662966,20786506386.190315
2021-09-01,3,20690069970.0,16711115754.797592,16856690297.440607,19188712094.421963
2021-10-01,3,17404362145.0,15091977042.557089,16287148014.601322,19661793144.387672
2021-11-01,3,19612659252.0,16151851788.252594,16545362635.183418,19447311362.25817
2021-12-01,3,22838461230.0,16793885090.138647,16169714210.981876,19759337626.670532
2022-01-01,3,16825969850.0,15945222989.142204,16267716770.285698,19677933391.986412
2022-02-01,3,17926558167.0,15610481142.805365,15654517339.82898,20187277542.78882
2022-03-01,3,24345128144.0,15954726034.117298,16649906563.217064,19360473645.84642
2022-04-01,3,19283273155.0,16860360005.78832,16731476790.410685,19292718661.028923
2022-05-01,3,22462593594.0,19066101623.803436,16783010644.458645,19249912901.88449
2022-06-01,3,25382434138.0,16799920055.329128,17495696399.633274,18657932050.74765
2022-07-01,3,18078761012.0,18026525523.17041,17114983987.755432,18974164634.302773
2022-08-01,3,19109349191.0,18644799107.803345,18666900160.872353,17685090662.52166
2022-09-01,3,22912337265.0,19037875270.261803,17202145151.110153,18901765629.13932
2022-10-01,3,21731214143.0,17253851280.812084,17422103624.81206,18719060694.276535
2022-11-01,3,18903201958.0,18827742207.341908,17841517836.825535,18370681088.813835
2022-12-01,3,18071089869.0,19119877419.564445,17318508764.25917,18805110083.194763
2023-01-01,3,15587939055.0,18467517308.597248,17815087996.570244,18392634606.498367
2023-02-01,3,16188265112.0,18217154009.229683,18108951516.058117,18148541645.299957
2023-03-01,3,18854384035.0,18194669996.860195,17568276662.913166,18597644433.491096
2023-04-01,3,14926679028.0,17472667742.81991,17968497921.498398,18265207143.1705
2023-05-01,3,17582537728.0,17596809644.583954,17931718751.476223,18295757163.59079
2023-06-01,3,17632184717.0,20527241176.767776,19397485248.883114,17078242021.183907
2023-07-01,3,17322727545.0,20082799832.33939,17674545272.192764,18509374138.60489
2023-08-01,3,16330912909.0,21795905058.93682,19057093824.10502,17360982631.469353
2023-09-01,3,17130679988.0,19182653791.42331,17528400284.845062,18630767099.487457
2023-10-01,3,16308621366.0,18221155937.94516,16658303644.824636,19353498746.346855
2023-11-01,3,15719830912.0,17521587758.818977,16095243885.636517,19821195193.294098
2023-12-01,3,16922530187.0,18606214806.4374,17222290953.23234,18885031845.700356
2024-01-01,3,15459241727.0,17556481793.991608,16224896498.01555,19713501355.903664
2024-02-01,3,12976621615.0,17375278273.702732,15928960317.838478,19959315939.05116
2024-03-01,3,18017207600.0,18414249635.048702,17287540631.271236,18830833260.05246
2024-04-01,3,15623948502.0,15887558518.20666,16424758785.108025,19547488992.159748
2024-05-01,3,17156929700.0,18232531371.470665,17836850827.97084,18374557663.94391
2024-06-01,3,19912255337.0,16754729271.475342,16581015749.84142,19417696681.44313
2024-07-01,3,18844751694.0,16369824160.15384,16128505394.82363,19793567060.732563
2024-08-01,3,17975867131.0,15781730189.169847,15826148695.90599,20044714743.526268
2024-09-01,3,23441488042.0,16061108165.415234,16438005600.743498,19536485739.83177
2024-10-01,3,19348491244.0,17353914068.379303,16869911860.83899,19177729817.454723
2024-11-01,3,18598094478.0,15624907581.607864,15747729265.920158,20109852569.80049
2024-12-01,3,21980718113.0,16404592091.964176,17049340113.85913,19028690652.339333
2025-01-01,3,19274866754.0,19121928461.407,19423848439.11696,17056343865.257542
2025-02-01,3,15605625706.0,18190355833.105923,17724266518.157364,18468073992.934803
2025-03-01,3,21265670708.0,19194448012.098717,18899123862.076065,17492197815.576744
2025-04-01,3,16856528907.0,18180516280.079414,17611931444.774887,18561383297.730972
2025-05-01,3,17505528207.0,19725886563.813797,19941909004.721134,16626025267.83918
2025-06-01,3,20406895230.0,19190655122.93557,20255458237.72062,16365580688.336035
2025-07-01,3,16865172291.0,17793155248.02616,17827502343.056286,18382322831.153122
2025-08-01,3,16285611991.0,17559690673.24271,17749084192.87612,18447459594.37755
2025-09-01,3,19071771243.0,19527093551.236145,19906393747.587013,16655525439.54031
2025-10-01,3,18319747459.0,19633983658.18923,19200695753.80106,17241702020.135223
2025-11-01,3,22540004569.0,18809450470.64203,18927127172.046936,17468937320.820335
2025-12-01,3,26263259891.0,20666158769.776413,21205081977.414658,15576791147.360744
2026-01-01,3,,19175220363.914448,19629349505.867752,16885647740.743513
2026-02-01,3,,18081463497.75425,17745944574.23239,18450067467.62809
2026-03-01,3,,19505089032.38168,19249023948.07212,17201558990.236332
2026-04-01,3,,20136986448.36243,19949320290.03479,16619869204.025444
2026-05-01,3,,19723885325.271935,19922501807.55282,16642145541.065443
2026-06-01,3,,20630914017.47571,21059694320.152695,15697555044.303848
2026-07-01,3,,19516428858.08503,19964314239.54862,16607414723.308449
2026-08-01,3,,19966204235.273903,20391820468.220978,16252313615.592676
2026-09-01,3,,19757705566.823685,20322806660.237823,16309638814.66313
2026-10-01,3,,16385762474.861368,17833660025.20616,18377208052.45347
2026-11-01,3,,16324924613.961657,17886749953.412483,18333109765.574326
2026-12-01,3,,15901222733.18143,17675138723.238197,18508881198.129463
2012-07-01,6,13236516471.0,13355824895.944107,13326615621.063805,20204652197.54303
2012-08-01,6,13454126348.0,13462784588.7147,13456285771.249523,20161010625.61268
2012-09-01,6,13136362011.0,13172276070.26196,13188307362.266323,20251200997.06418
2012-10-01,6,13806343142.0,13768269033.950533,13604682239.55427,20111066554.934452
2012-11-01,6,12995830345.0,13067683798.26792,13035235579.278938,20302718583.942757
2012-12-01,6,12979986874.0,13070226010.320747,12978019613.858389,20321975094.91995
2013-01-01,6,13270087181.0,13219499138.44902,13052691553.035912,20296843630.198673
2013-02-01,6,12442104437.0,12430771199.98931,12395666540.087835,20517970885.172512
2013-03-01,6,13934248352.0,13963050192.08668,14042994413.464865,19963548932.426334
2013-04-01,6,13877522014.0,13480892804.538614,13601943191.96032,20111988404.27619
2013-05-01,6,14885665265.0,14407650189.449116,14273274266.09134,19886046324.940224
2013-06-01,6,14063161830.0,14103430006.733335,14084490044.396587,19949583231.303074
2013-07-01,6,14890811919.0,14951835373.716167,14855394222.669886,19690128992.225403
2013-08-01,6,14526726621.0,14537527401.258476,14480753838.035044,19816217342.324783
2013-09-01,6,15218483480.0,14854944904.709356,14606962363.263416,19773740809.18212
2013-10-01,6,15160724733.0,14952383261.24434,14700392632.89429,19742296071.69452
2013-11-01,6,13704923064.0,13722685856.162209,13706366177.58072,20076843976.421303
2013-12-01,6,13322370066.0,13325591411.861454,13245193374.666124,20232055534.53158
2014-01-01,6,12042272680.0,12228449616.721184,12167136965.73024,20594884421.890526
2014-02-01,6,12129411973.0,12299571092.759216,12298009731.214806,20550838099.738216
2014-03-01,6,13642635317.0,13690261845.315804,13649807969.235168,20095879113.761925
2014-04-01,6,14739015105.0,14737760136.90294,14758770614.64237,19722648474.418213
2014-05-01,6,14441958963.0,14491261179.09611,14474614037.28,19818283743.54284
2014-06-01,6,14131294655.0,14112908169.634333,14132677437.923676,19933365361.59492
2014-07-01,6,14115471456.0,14064924603.090973,14003086601.864706,19976980239.693558
2014-08-01,6,15314135510.0,15129846810.170069,15153668189.894484,19589742397.64724
2014-09-01,6,15311949482.0,15319105391.951357,15171402352.002209,19583773817.29054
2014-10-01,6,16135798066.0,15691222193.819798,15325609165.41046,19531874226.44509
2014-11-01,6,13401732288.0,13415569906.358934,13360998843.319332,20193080236.956013
2014-12-01,6,14489462174.0,14454186932.533115,14381834863.485218,19849509349.289455
2015-01-01,6,13320512109.0,13325722992.229576,13320164098.229769,20206823511.429985
2015-02-01,6,12147033380.0,12244512658.360388,12212039383.527657,20579772138.19728
2015-03-01,6,13640767734.0,13670856722.420628,13680344804.245625,20085601686.92371
2015-04-01,6,13846694397.0,13838227094.982653,13727728667.861244,20069654251.917603
2015-05-01,6,13586956224.0,13885297938.914717,13741400294.881912,20065052951.67099
2015-06-01,6,13610916537.0,13633392632.47049,13607325792.094795,20110176845.25043
2015-07-01,6,14322958353.0,14328449922.833391,14342312406.30545,19862810962.308372
2015-08-01,6,13125503297.0,13177112395.230556,13276753989.851768,20221433545.92574
2015-09-01,6,13861045488.0,13850504524.097528,13848946408.8143,20028857408.90122
2015-10-01,6,13554712255.0,13550718122.992342,13557012492.569668,20127110206.375824
2015-11-01,6,11855356229.0,12025408562.327642,12084877302.466124,20622569598.51881
2015-12-01,6,13581128076.0,13606881048.26846,13584326371.584543,20117917492.293076
2016-01-01,6,12456584762.0,12548182971.022224,12530241718.742483,20472678484.948677
2016-02-01,6,12005416664.0,12026373912.59102,12044200666.654804,20636259659.99481
2016-03-01,6,15882037156.0,15312468144.345646,14999517340.70257,19641623153.26832
2016-04-01,6,14256086284.0,14326334867.222778,14249697438.247704,19893981303.24289
2016-05-01,6,14436541054.0,14500581804.84906,14318373377.552938,19870867842.35169
2016-06-01,6,15024868444.0,14944207596.083988,14991110192.41674,19644452649.23265
2016-07-01,6,14551800842.0,14537077254.061031,14539363981.681995,19796491609.022606
2016-08-01,6,15153544611.0,14984334923.629932,14981312146.43344,19647750263.432564
2016-09-01,6,14511045046.0,14463020600.835789,14366452367.423813,19854686456.799324
2016-10-01,6,15428124242.0,15450640050.924477,15437851963.724314,19494097975.324368
2016-11-01,6,14306893703.0,14393993857.77833,14380795362.64849,19849859201.977005
2016-12-01,6,14995700048.0,14998893896.303816,15021300357.09012,19634291897.191452
2017-01-01,6,16015322383.0,15890805708.67174,15876813261.794024,19346361884.65961
2017-02-01,6,14640813035.0,14634692446.182348,14643721308.774157,19761369279.093716
2017-03-01,6,16666647849.0,16542723618.868196,16442689006.348822,19155911677.158047
2017-04-01,6,14313490890.0,14259558711.318188,14290896586.603256,19880115385.806587
2017-05-01,6,16206726644.0,16187593780.886871,16120950644.361883,19264195409.746433
2017-06-01,6,16221936802.0,16204542428.799238,16194866522.289877,19239318403.752613
2017-07-01,6,14538702735.0,14483522734.740831,14571091061.895905,19785813595.221344
2017-08-01,6,16321024221.0,16302535818.410255,16312598455.12595,19199694738.568253
2017-09-01,6,16528007735.0,16178181050.022903,15949063189.534737,19322045568.1138
2017-10-01,6,15792710618.0,15758207947.402876,15808597727.7788,19369320392.30558
2017-11-01,6,17919251284.0,17658981345.739075,17502334758.910664,18799279049.950584
2017-12-01,6,16555913336.0,16560747493.585833,16560896412.552654,19116127987.44105
2018-01-01,6,15792705183.0,15662355136.43938,15727233165.993517,19396704315.0561
2018-02-01,6,16027285171.0,16093915510.266706,16035759457.925425,19292867214.97974
2018-03-01,6,16269499964.0,16194701999.249002,16255101793.4048,19219045720.229527
2018-04-01,6,16735417807.0,16742992111.1543,16786991423.560392,19040033823.349655
2018-05-01,6,18659045468.0,17907579164.188774,18151523819.287075,18580789050.253376
2018-06-01,6,16734974592.0,16784186451.304638,16738069560.343914,19056498884.965385
2018-07-01,6,17091457368.0,16918403302.259014,17020354578.484793,18961493504.726284
2018-08-01,6,17662177999.0,16670290765.758104,16759028249.046066,19049445063.255062
2018-09-01,6,16163468299.0,15679252095.614046,16024921151.432348,19296514937.54151
2018-10-01,6,15018312664.0,15112225462.8996,15165945450.952452,19585610382.909836
2018-11-01,6,16089025644.0,16054606468.071257,15977598598.45619,19312441737.9399
2018-12-01,6,17686714202.0,17282242047.127983,17369945257.72334,18843835842.170036
2019-01-01,6,14564220624.0,14573627958.718096,14562998784.609425,19788537118.721333
2019-02-01,6,12938284687.0,12999610695.04991,12935557122.089462,20336266201.132298
2019-03-01,6,16715625564.0,16727854500.433104,16715240955.558722,19064182042.549267
2019-04-01,6,12718876580.0,12753820116.065208,12745526527.334034,20400222584.75728
2019-05-01,6,15572264308.0,15622924620.865002,15736295953.734936,19393654158.157692
2019-06-01,6,15266537991.0,15322863306.49487,15348975414.865065,19524010120.057808
2019-07-01,6,14621505917.0,14813843467.39595,14675355488.076609,19750722531.870026
2019-08-01,6,18700004068.0,18550885380.056168,18178410387.189365,18571740151.294075
2019-09-01,6,15128612959.0,15236193359.569147,15166490860.808306,19585426820.668087
2019-10-01,6,19059604038.0,17984144466.8791,18430292046.17968,18486967275.477875
2019-11-01,6,15102976816.0,15220221661.659004,15263108820.383053,19552909239.50923
2019-12-01,6,18128386618.0,17977738360.95498,17801414829.974655,18698621154.393436
2020-01-01,6,15394419240.0,15662239576.217085,16038755730.490591,19291858794.425835
2020-02-01,6,13340080769.0,14337794736.211325,15192446135.820189,19576691356.10835
2020-03-01,6,20069828156.0,15772266486.73318,16937374771.71918,18989421051.663967
2020-04-01,6,11712629059.0,15604008920.561802,16338295052.859596,19191046334.00674
2020-05-01,6,12871393722.0,16522877878.49334,17518504347.903206,18793837039.74167
2020-06-01,6,15320059641.0,15860554664.33094,16914943639.89443,18996970436.403687
2021-07-01,6,18948651730.0,14347054922.701792,14123302589.759968,19936520545.034492
2021-08-01,6,22797670023.0,14763814177.278622,14322120818.639256,19869606609.758923
2021-09-01,6,20690069970.0,15032488757.56837,15453381399.581656,19488871413.99907
2021-10-01,6,17404362145.0,15445778960.1729,15621509506.624825,19432286495.523003
2021-11-01,6,19612659252.0,14420717831.283772,14304645990.18044,19875487909.210365
2021-12-01,6,22838461230.0,16553962774.440426,17729145788.38844,18722943903.86357
2022-01-01,6,16825969850.0,15425439932.039448,16218275175.181644,19231440026.134438
2022-02-01,6,17926558167.0,15077913623.915531,16337669686.295015,19191256806.346535
2022-03-01,6,24345128144.0,16956555138.836235,18058949660.19165,18611945656.590828
2022-04-01,6,19283273155.0,17836910141.268024,18037398010.66045,18619199044.22003
2022-05-01,6,22462593594.0,16487108254.129305,16521227448.842026,19129478908.456413
2022-06-01,6,25382434138.0,16651798080.676617,19008328216.689663,18292424375.068443
2022-07-01,6,18078761012.0,17304516180.223625,16671445958.44128,19078921614.564514
2022-08-01,6,19109349191.0,15799501373.649143,15686883269.318075,19410284409.747295
2022-09-01,6,22912337265.0,17382568400.211136,16814008650.71042,19030940949.929382
2022-10-01,6,21731214143.0,17717305149.022526,16788813147.621723,19039420706.903458
2022-11-01,6,18903201958.0,18663423417.35099,17197273461.148666,18901949977.302628
2022-12-01,6,18071089869.0,17970204391.44989,16981803194.78836,18974468294.854874
2023-01-01,6,15587939055.0,17880785516.348747,17242677887.914375,18886668738.298786
2023-02-01,6,16188265112.0,16772104429.931791,16954108921.91498,18983789033.6674
2023-03-01,6,18854384035.0,17983321966.79156,17806374811.06767,18696951831.3354
2023-04-01,6,14926679028.0,17936329956.596554,18235607653.96947,18552489933.50048
2023-05-01,6,17582537728.0,19319728019.333076,18413158590.112907,18492733683.19995
2023-06-01,6,17632184717.0,18120867957.397102,18438676736.440636,18484145337.94936
2023-07-01,6,17322727545.0,19033613728.633987,17575611207.911545,18774617249.102104
2023-08-01,6,16330912909.0,19865130722.52618,17090955306.675615,18937732240.061577
2023-09-01,6,17130679988.0,19270845022.056328,20140746626.725056,17911299502.258224
2023-10-01,6,16308621366.0,20820998559.050297,19716438110.679695,18054104076.766182
2023-11-01,6,15719830912.0,19489456821.155067,18930729517.389957,18318540865.350433
2023-12-01,6,16922530187.0,19240772651.19374,17201411520.110756,18900557279.00169
2024-01-01,6,15459241727.0,16857608496.65858,15822331339.91818,19364698230.449627
2024-02-01,6,12976621615.0,15939795150.582676,15457634522.444595,19487439989.98139
2024-03-01,6,18017207600.0,17841123869.659378,16461184125.19782,19149686990.45526
2024-04-01,6,15623948502.0,16434966644.642387,15901475318.930077,19338061663.375748
2024-05-01,6,17156929700.0,17012177628.999878,16879670264.796469,19008841985.36356
2024-06-01,6,19912255337.0,17947752813.84448,17886519212.590664,18669978563.710808
2024-07-01,6,18844751694.0,16423588305.549349,16382285407.19296,19176241012.88903
2024-08-01,6,17975867131.0,18161090915.77141,17883116225.039806,18671123867.589657
2024-09-01,6,23441488042.0,16012222928.010302,15768633890.623505,19382770555.441257
2024-10-01,6,19348491244.0,17031104373.823715,16929000287.086582,18992239554.40303
2024-11-01,6,18598094478.0,15437608819.624683,14947913451.291937,19658990873.197495
2024-12-01,6,21980718113.0,15799667112.490154,15682763501.75037,19411670951.9267
2025-01-01,6,19274866754.0,17160401704.221336,17941952408.98951,18651322058.535908
2025-02-01,6,15605625706.0,15474628834.994896,16284523033.127407,19209143756.30186
2025-03-01,6,21265670708.0,18078192311.858257,17750440032.134125,18715777148.3011
2025-04-01,6,16856528907.0,17118800899.401789,17884154551.508472,18670774410.145485
2025-05-01,6,17505528207.0,18806756110.75184,18382623497.45039,18503010523.636414
2025-06-01,6,20406895230.0,19784845389.11796,19862508873.939816,18004942741.542866
2025-07-01,6,16865172291.0,18854654305.33393,19566720642.583836,18104492740.955875
2025-08-01,6,16285611991.0,17501897389.315376,18103452238.503742,18596967942.215458
2025-09-01,6,19071771243.0,18950129185.502377,19196740943.293697,18229012498.480755
2025-10-01,6,18319747459.0,19012408243.227345,18434737250.454544,18485471204.856926
2025-11-01,6,22540004569.0,17450893966.72209,17998432114.34841,18632313342.03103
2025-12-01,6,26263259891.0,18565106117.282555,19537606697.096256,18114291282.44251
2026-01-01,6,,17782892794.96289,18034228912.663258,18620265630.616364
2026-02-01,6,,16036026671.697062,16736641459.637957,19056979524.184155
2026-03-01,6,,18825870902.76709,18037357368.020325,18619212722.839973
2026-04-01,6,,17290912399.471275,18650695042.276978,18412788806.53904
2026-05-01,6,,18689514127.516106,18092355626.20361,18600702599.753727
2026-06-01,6,,19406865982.893536,19220097992.801987,18221151488.41223
2026-07-01,6,,19712306528.45219,20175768839.44255,17899512484.094975
2026-08-01,6,,19783211969.181328,19381456637.815662,18166844888.914486
2026-09-01,6,,20563321693.374203,19796698544.89789,18027091757.36902
2026-10-01,6,,19834998112.76433,19555175841.30358,18108378240.238266
2026-11-01,6,,19393200438.432343,19079024841.9542,18268630835.442734
2026-12-01,6,,19392037732.22351,19103970793.54901,18260235067.10795
