event_key,discovery_provider,discovery_query,url,title,source,published_at
panama_canal_drought_2023_furniture,verified_seed,existing_replay_evidence,https://www.reuters.com/business/panama-canal-says-will-slash-booking-slots-due-drought-2023-10-31/,Panama canal says will slash booking slots due to drought,Reuters,2023-10-31
panama_canal_drought_2023_furniture,google_news_rss,Panama Canal drought Asia container shipping rerouting East Coast ports after:2023-09-01 before:2024-06-01,https://news.google.com/rss/articles/CBMiugFBVV95cUxOb2dUcTlpamd3TUZTQ3JQVFl3bk9HQUNYLThPUnFWVmh2d0g1V29CbDhLUTFyT0tRZXByeTJ6X0hla3J5cXhMcGVibWc5QnZuazYtd2QwcDJ2bUQtWGN5UWhxU3FYYWJGNjNXVTYtQ0Y1MVpUenZyUkgzVkdwRG1uaGZaNlNWdFJEWER5eGJRMll6X0loNkRISXNxZnY5WlFMaFhPR2VTRXdtazVWZHRoQVExakRWTzlud1E?oc=5,"Impact to Global Trade of Disruption of Shipping Routes in the Red Sea, Black Sea and Panama Canal",UN Trade and Development (UNCTAD),2024-02-15T08:00:00+00:00
panama_canal_drought_2023_furniture,google_news_rss,Panama Canal drought Asia container shipping rerouting East Coast ports after:2023-09-01 before:2024-06-01,https://news.google.com/rss/articles/CBMiuAFBVV95cUxQSW1aaGJlN0ZIXzFzaHllcmd4M05vc2R2amZudVZMUzZ2eFdPYVhVQXRCbTNzY0VhNTlRejNobElxSmR0WTVObGtZZVl6WWhKcFZJdjJHcVFSbnJQZHhCNlhETlhOOWFOOUE0UXdFZ2VONmpvLVRYaksyRHZWTnlhdExtVndBNzMyem9QeFJNOG8yMDFfQXlZSGJYZVBvaFhJZm5tenQyZDd6NWNMY0JXN2ZHRmpEXzB1?oc=5,"Middle East conflict, Panama drought are worrying for Georgia’s ports",AJC.com,2024-01-31T08:00:00+00:00
panama_canal_drought_2023_furniture,google_news_rss,Panama Canal container shipping delay furniture retailers after:2023-09-01 before:2024-06-01,https://news.google.com/rss/articles/CBMiyAFBVV95cUxNQlU4Nl9WbXlPTFVRT196S05fUjRULURyZFJzX0VJWjNpRmduNmw2ZzZYeDVsNVFRWkxHaFJ4QUU3VVgyeEl0MVJ3bnJSNVZRb0VPUVVfalVhLVZEN3dwQm9keDk3Q0NoaExFN2REdFFMOElmdjBKSUdpemRKVUZ5RmFPZmZlR21VNHIwWmktUVFoa0tWRFNmVndLTlVBTXp2THNPV2ZvdmlVODFEUXRGZWVvZkRJc0NzY3dZcDNwYjlOWkdhb2FBNg?oc=5,What Happens When Ships Can't Cross the Red Sea and Panama Canal?,Chicago Council on Global Affairs,2024-01-22T08:00:00+00:00
panama_canal_drought_2023_furniture,google_news_rss,Panama Canal container shipping delay furniture retailers after:2023-09-01 before:2024-06-01,https://news.google.com/rss/articles/CBMiyAFBVV95cUxORjdINkE2Q1B2R0I1WjZwUk05UWFQMy1PRm9WSnA5VmttbnFMYm9uZzd3bENRT2oyY1FhVnlSblZjelFDdHBlZE9VZi1fd0dZNXhfaFFQaFMxM05WWFR5MzE4S19icEdqUWdRcy1YSkh4UzQzTWQteXZ4dVo1d1NQdm0ydFY5ekV5TE1SYnhMekJVa2E5eGxCQ0VhSWZzNlhFUnJ5dHFLbVFFYW51cFVQbXdIc2VHM2U1c3lZNXEyaVdmQ2JaQWxuONIBzgFBVV95cUxOV3B1cnk5Rk8zcWxBdFVJUVZ5aVFXa3B4NUd0ODh3RHpYMEd2cHRRWGlDck5SOVlRMzhJV2wyQndhaUFnVmNLckVIblZMSENlRUszUThNQTQyVFdraHVyTEZSek05MHFQZmM0eWEtVTczWm5iajdKeTFHaEZLNDY3NUVhVEVfcWtsaFRFRDJ1QVF6emFHZ1VUeVFoaHVYNlB2Y1NnQWtRRXRvNVM5RjhDLU5Obld4SUpzMGJqYlgwZVpNWGdvc1hicXJGelZBdw?oc=5,"New Year supplies under threat by Red Sea shipping crisis: Warnings of delays to availability of goods including tea, coffee, wine and clothes as more than 100 container ships are forced to reroute around Cape of Good Hope just days before Christmas",Daily Mail,2023-12-21T08:00:00+00:00
panama_canal_drought_2023_furniture,google_news_rss,Panama Canal drought Asia container shipping rerouting East Coast ports after:2023-09-01 before:2024-06-01,https://news.google.com/rss/articles/CBMimgFBVV95cUxOa3hGR0JFMnFaQWhTam5DdVJnMXFISjJlQU5kYzN3Q0ZaNEpHaU04amJnZkFkX195T00wRWw2N1cybVd3aU1uN3lNTUgtdVJ1WEJGRW1yYkMtWWE4VmF0MklLVktfYnlMY053ckktZk9CQlBHZjRFU2FEMzBIU1ZfZ1pJaVo2YUVnQmpwMmlFbEJWUTI5VGQ5enVR?oc=5,Panama Canal transits plunge as larger ships are turned away,FreightWaves,2023-12-13T08:00:00+00:00
panama_canal_drought_2023_furniture,google_news_rss,Panama Canal container shipping delay furniture retailers after:2023-09-01 before:2024-06-01,https://news.google.com/rss/articles/CBMingFBVV95cUxOenNDNGJFeE16d0tJc3Y4R0VoTTZzM3B3M1ItYnRsNUp2bGJYNDJCZHdUTmlmY1ZGSFV4dEdLUEdRckpmdnVmdmhacl9tbkJoZ3h6b09UZmpTc2xITTFzLTVPS2FfUktuME9zZWJFOVRGcy1lajRWeEhEaEp2cUktaGw5VEV4YWxCT0o0T2Y0TDdoNHFMSEJvVXlqR25yd9IBowFBVV95cUxNUUduNkwzTWk0MS1FOHlwTTJSTk1VSFJiWEYxeVdBY2dpMERlZGI0dkhhdmdrSnBIX0x1WGF6SWRzR1NYdHUza0xZVlVSQ3pMMWNIQ1V2VFhzSGZTbWsyZmVkazhTalJIYjRRT1dZRnNmaExCMXB4MnUwR25wdm16WlFMZFpjb3pkUlZWbmsxcjZiMHBWTmV3eFMzVkowQ1NLaEZB?oc=5,Global shipping rates set to jump as carriers avoid the Red Sea amid Houthi attacks,cnbc.com,2024-01-10T08:00:00+00:00
panama_canal_drought_2023_furniture,google_news_rss,Panama Canal container shipping delay furniture retailers after:2023-09-01 before:2024-06-01,https://news.google.com/rss/articles/CBMivAFBVV95cUxOUGNIaVd1djFuWFFNS3FYRGF1ZVNFbW5IV1huZjBUTUwybjd5V0tnVXl5OW5WV25kTTNER0NoTkZlWWdKZnBxQUZCZ3JKZTBsRmdhaDhLVkFJelZ6a0hha0liY1JFeHJUY1NzMTNYa0JKeXdRZUlOTkdjMFV0Q1BUN0s1M3RPZnF6MlZra2ZaY3E2U0lQeEk0T29ZOGFtVzRqemlIZXhWQ0NSUjJvNm5ZUXBnY2dsLVJjVUx2TA?oc=5,Companies rush to avert disruption from Red Sea attacks as shipping rates rise,Reuters,2023-12-19T08:00:00+00:00
panama_canal_drought_2023_furniture,google_news_rss,Panama Canal container shipping delay furniture retailers after:2023-09-01 before:2024-06-01,https://news.google.com/rss/articles/CBMiV0FVX3lxTE1RZDhFdzBKcFMxRm8tcFU5bk93VjdpczV6b0cyb1VlZW1sR1h0bTlub2s0SlNTV0s1MkpwZDYtdVQ1Vk5YVm1TQVpnbmtHM0l4SldpcHFOSQ?oc=5,Next warns of supply delays due to Red Sea shipping attacks,bbc.co.uk,2024-01-04T08:00:00+00:00
panama_canal_drought_2023_furniture,google_news_rss,Panama Canal drought Asia container shipping rerouting East Coast ports after:2023-09-01 before:2024-06-01,https://news.google.com/rss/articles/CBMirwFBVV95cUxNbFZqSm95Vnd5cFpjeUtaajR3ZnRfMXVLVnhnUmFDQjdSNWlZTnJDWWpxcGF6YUtMWGVGV1Nyb1hlMkcwaUdJdzNtbHkta01UTUZHNW12U2xVSnp6Ymh5cmRZMWFSYVk4dXN3OWFBY1piNlZFZUFIVHZPZXl1WDFYRDRWSmRjSlBUUVdqOEdZQzBFeHNTb2RIVUlKLXA1emEzQzVmZWVTc1pVU3dYVkRZ?oc=5,Red Sea crisis: What it takes to reroute the world's biggest cargo ships,BBC,2024-01-21T08:00:00+00:00
panama_canal_drought_2023_furniture,google_news_rss,Panama Canal container shipping delay furniture retailers after:2023-09-01 before:2024-06-01,https://news.google.com/rss/articles/CBMiZ0FVX3lxTE5VQXlwZGd4VVRiMGF5WldoQXdzZElpdzg0ck5MLW14MEpOc0xJbC1hWFNLaDFJbjl3UnpJS2poSkU4VXBld1dKU25QZ0xkUE5Ma2hlNkNScVJ0QUtrME5BQmFncVY1Y1E?oc=5,Cost of shipping containers from China to Mediterranean up 44% amid Red Sea Houthi attacks,calcalistech.com,2023-12-22T08:00:00+00:00
panama_canal_drought_2023_furniture,google_news_rss,Panama Canal container shipping delay furniture retailers after:2023-09-01 before:2024-06-01,https://news.google.com/rss/articles/CBMixgFBVV95cUxOQnBNQkFGZTVkc0ZONFJ2cXFIU2pNb2FzdF9uemNWUjJ3bDQzQWdZdWo3MmdWaHR1ZHR2Vm5PZW11YWNtWnRtenNRdEZfTXZ4VlEwTV9rYk5WeUdVNFltbmsySnRZbW5pNExJamwzOFo5cFBOeUR2dWdOUVVSb2dHb1I4WkpxX2k5RWYzTUNfOWo4Tjl2cWpVX2tibGJnRUQ3V3ozemhwNzQxQVhnWmxRNlhfcVBnU0JlRkt4QXNZdVhlRnBmbnc?oc=5,Baltimore bridge collapse and port closure send companies scrambling to reroute cargo,CityNews Kitchener,2024-03-26T07:00:00+00:00
panama_canal_drought_2023_furniture,google_news_rss,Panama Canal drought Asia container shipping rerouting East Coast ports after:2023-09-01 before:2024-06-01,https://news.google.com/rss/articles/CBMilwFBVV95cUxONU92NkwwdTdrN2VTVkNDbDhnak5yNjV0RTcwN0VLQ3RDZXJjNTNkSm0zeUxvTlV1Rml1cXA1VDh6eERMOUpqVTZNeVNGMDBMOFVpQjBMaUpHWlhha1NUamd1VWE1RjBLY0JQaTNQZi15Y0FYbEhyek1fTTAtNnctRWR3SDVYRzJUSkNvd2hYZGNuMWpfa3E4?oc=5,"Top ocean shipping stories of 2023: War, drought and detours",FreightWaves,2023-12-26T08:00:00+00:00
panama_canal_drought_2023_furniture,google_news_rss,Panama Canal drought furniture imports delay after:2023-09-01 before:2024-06-01,https://news.google.com/rss/articles/CBMipAFBVV95cUxPVzdjSWxCazdkNmlpUVEzaDNoRjg3T2N2c0Z3MG96SktBRENhTW1aVkptSFdPekF0VGFCZmIwR2swRUN6V2dWQzRIU2VUSEZJUEM0NHFBS2JwOUloWUxVUThzLWQ4cUVBMjMxU1A4VkdUcjhpS0pRQ0ZqbVQxV1hLNWZ3RDRSaEhNSXk2bnVhTWtNb2lLeGlzSE9zVmtzeGh0N3FNT9IBqgFBVV95cUxOZlBlbUhZdGY5VkpNM1J0UHl2aktxRHBvZkVqTWhzemh2LVBZRlZ1cXRIakRZZ3ktTDlQVWJXd1lEa1ZjOE5LZGM1VURNWWdsUVJwemtPZkRwU1RVT1NxYTdFT2h3SjNKYXNneGoyMlZMSzhkUmJ1U3FIVW5nVG1udVNIbG1zcEdPUlVPSldxQW9leEx5NFFYZ255ZFBwa1NVUHg5RXpQUVRTdw?oc=5,Attacks on ships in the Red Sea are disrupting global trade. Here’s how it could affect what you buy,cnbc.com,2024-01-28T08:00:00+00:00
panama_canal_drought_2023_furniture,google_news_rss,Panama Canal container shipping delay furniture retailers after:2023-09-01 before:2024-06-01,https://news.google.com/rss/articles/CBMixgFBVV95cUxQUFBvQmppNjFtYUVBamdrT1dMcU5PMFV1MGtWellxWnN4SkNfUmhMbVVYbVRfZTN3eTVSWkxJRkN4VkphelI0eTAwdi1DRVloYzc4S3FObWd6OTVZbG1DX3lSZlVtdFFhRDJLVlhJb2UyVmZyUk14V3R0RWp3MkJSNzNlVlNRWTRTbmhTT1ZJa3pEWjJCR1ExSkpRZUI4d0lSN0hvajk0YVo1U01lR3lKRUdJSFdxc0lyWGVXNjg3ZC1IaVdRNlE?oc=5,Red Sea attacks: retailers rush to avoid delays to spring collections,Reuters,2024-01-10T08:00:00+00:00
panama_canal_drought_2023_furniture,google_news_rss,Panama Canal container shipping delay furniture retailers after:2023-09-01 before:2024-06-01,https://news.google.com/rss/articles/CBMiVEFVX3lxTE5IQ2k0Ni1zc2QxTmlpWTh4cG8xNDEyVktNMXZoU3RhTWZhVDhhWS1ma2hDRDZZZ0ZDbG1OWVAwMko3a1NjSmQtdlB0M3ZaaGIzdFNwcw?oc=5,Ikea warns of product delays after Red Sea attacks,BBC,2023-12-21T08:00:00+00:00
panama_canal_drought_2023_furniture,google_news_rss,Panama Canal container shipping delay furniture retailers after:2023-09-01 before:2024-06-01,https://news.google.com/rss/articles/CBMitwFBVV95cUxNWVFDWG90YkxLcXdUT1g4dUNNZFRiRWFIdDdyQTJLZGU5TGFWY1hRT2RmY2ZRdUR4V005VEMzVW9OMTVsNEZCNHFrLTUtbWhhQ09DTnpCTnRPX2VTcE8tdDNlREd6NTFOVWx3NDVsb2Y2MjV4RWdHYWRjWll1RVQxMFhMcmxNaktEYzhxYlRicTBOaHh2YmMtSFZWZ0dFNVNySnZFaG9EcE1QT05OT1VtdTREdllpeG8?oc=5,"Global retailers, goods facing disruption risks from Red Sea attacks",Reuters,2023-12-21T08:00:00+00:00
panama_canal_drought_2023_furniture,google_news_rss,Panama Canal drought Asia container shipping rerouting East Coast ports after:2023-09-01 before:2024-06-01,https://news.google.com/rss/articles/CBMipAFBVV95cUxQQnZHNjYtRmtwRFpOYVZvZlhTYmpOZFh3LU9VZ0ZoNFpIS1hxQXpvLS1UXzh0R055RGVpNW1BZWkzNFpPeTVad3Y5N2ZLNTRoRFFiWGZHYXB1ZnZHN1VpU3RhNmQxQzNrRW5VdXJESUp0bUNFSE5rRThhQ0h2cDNpTE80UFlScHFCVkpqSzc5czlMVFY2Tl9td1FPSDlGZWZrdFJCadIBqgFBVV95cUxNQVJqTnV0MFhPbGpDVDh4UmxCLW9sdy1oNkFDb3pGeTFaVUlObGh6eW9rbTBJZmo2cVVxc1E4cHJENzF0QTdXV3dITnFQZnE5TlQ4ZV9reHlzSWhTOFJsSWxDanBPNlh2X1FxWEN2XzFPTzMteXF5M0o3dXRvV2RJdGxxZEVZdEExSk4xZ3F3LW1sSWNQNFg3Q2JYU2VoazhhRjQwYktnbElkQQ?oc=5,"Despite Red Sea crisis inflation shock, ocean freight rates are headed down on key China-U.S. trade route",cnbc.com,2024-01-12T08:00:00+00:00
panama_canal_drought_2023_furniture,google_news_rss,Panama Canal container shipping delay furniture retailers after:2023-09-01 before:2024-06-01,https://news.google.com/rss/articles/CBMigwFBVV95cUxQRlQwLU9sLUltbExOY0JZaVJvOHlJNFhTNmJHTFNvSzd3eWx4cnJWTDV4RF9aMnFtVzMzNWFVTU9XMERmdVhtbWVEbTVSbGRQNEltLURlcGNhaVM4bTkxRzRmZXIwRVdadVNBbjI0bmdvUU5Qc01la2RCTXR6eHlYdTBJRQ?oc=5,US West Coast Ports See Minimal Red Sea Cargo Rerouting,gCaptain,2024-02-14T08:00:00+00:00
panama_canal_drought_2023_furniture,google_news_rss,Panama Canal container shipping delay furniture retailers after:2023-09-01 before:2024-06-01,https://news.google.com/rss/articles/CBMijAFBVV95cUxOcGMxRWQxMUFHZTRFR013azFHSG5IMVVYV0NOZHd4ZGFYakhreV9FbHZtM0FscFRjeUloNkFPTV81TWtIVG9fUlN6aTNRekJ1TG5rV2R3YWVoMWYxWndaU1d1NVlwR0RpRXdiMlh5dW45Z2xQY3otQ1VDT0lqOWdxbDE1ZmNtMXVGMXFVOQ?oc=5,Ikea warns of possible out-of-stocks amid Suez Canal crisis,Retail Dive,2023-12-22T08:00:00+00:00
panama_canal_drought_2023_furniture,google_news_rss,Panama Canal container shipping delay furniture retailers after:2023-09-01 before:2024-06-01,https://news.google.com/rss/articles/CBMigAFBVV95cUxNeGZEU3JLcVRLMXZGWVdzUWJrLWQ3NHJWcV9jblBiUHVoUURLdzRUOE1IZjMtMTU5S3dQM0VHQkxudi1XZjFFZVdCYmdac09nV1Nfb1p2N08yRmt2eGNDM2dyUHdveWgyeFM0eXc4R1pIM0Qxb0lUS3FkdDNKX3FDXw?oc=5,You may have to wait longer for your flat-pack furniture as Ikea says products will face delays after Red Sea attacks,Fortune,2023-12-21T08:00:00+00:00
panama_canal_drought_2023_furniture,google_news_rss,Panama Canal container shipping delay furniture retailers after:2023-09-01 before:2024-06-01,https://news.google.com/rss/articles/CBMiowFBVV95cUxNLXprVVEzVHpEVFNFYmZNcGIySTNEQU13aVJxUFV1RS1tS3ZQY012b2pmTkVOSnI1bzdDNERDYUw4Z2RCRnhqVVVENXdkRFRKMTN2WWprNGVvVXNJbmV1a0VfRWVUWXhsMFJxVVBEb1h2eHNiZzYtQk1GWUlXOEdEY0ZNdE53NG9UME4xSEJkRkplVTdYOTRvZ2pKY0MyZFhwaFZ30gGmAUFVX3lxTE9sMUxwRjlNVEVtLXZQN29oa2R3cHltdE1CVTJ1M18teXkwMU13eUZuOVNvbVBIeHhMYzlZcE55LS1ybmw3NVVkMlBya1h0cTNpWjJDSWRoWkZDaHVGYm5mVXFPQmlFcE5Yd3JVNFI3cTRBYUxlRk02VmNhcXNIcEJQNlZ5aDdwVzlwbWZWWWV6TmdpNktLdzBpOS1qUjlLXzk1VUduVUE?oc=5,Houthi Attacks on Red Sea Shipping Leads to Economic Logjams,VOA Africa,2024-01-28T08:00:00+00:00
panama_canal_drought_2023_furniture,google_news_rss,Panama Canal container shipping delay furniture retailers after:2023-09-01 before:2024-06-01,https://news.google.com/rss/articles/CBMi7gFBVV95cUxOZUtFTUZudDNyOHphSzdLSlRqYVM4dFBhbk9pbkYyX1BveGI0T016WVJqc2VCaGJTS0xKLUhmSVpiTEw2eWFoWG1fQ2FtTGh6ZjFSbVluM09MUlhuczBQZjJkaDNLLW5Sb3EyZ0JJdkZRWUhVZlRhRlVSTmtRX0hkY3MwUTZNYXZ4MkNFNThfSFhMUmZnY0VodWNHM191Qmlydi1wMFh6el9sNE50SDYwWm5udWhnaTlhemRrUFVDaXlIZkpFSDBhMnpBb1ZEYzFFaVlUUmxCQjR2a1hTOTVBbTZneWJYa1BHU21ZMThn?oc=5,Furniture giant hit by supply chain woes,The Australian,2024-02-04T08:00:00+00:00
panama_canal_drought_2023_furniture,google_news_rss,Panama Canal drought Asia container shipping rerouting East Coast ports after:2023-09-01 before:2024-06-01,https://news.google.com/rss/articles/CBMikwFBVV95cUxNcFBmQTNDaFBMLUF5eE1hXzVmNlo5V2xlNmRBaXlFWTV2TTItcXJvZENaWHFRNG9aT1dhaVlqWm5udmVYTUVkYTR1bDZMaGtVVzZDTmNhLXJ6M0tpTEtURVVsbWkwLWh2MjBiLTNpQWpLd2pBVW5YM2U5RXBiaVRGYzZQekUxZHJhSzdPR1c0c0hHeU0?oc=5,Global Ocean Carriers Halt Red Sea Transits – What to Expect,Flexport,2024-01-22T08:00:00+00:00
panama_canal_drought_2023_furniture,google_news_rss,Panama Canal drought Asia container shipping rerouting East Coast ports after:2023-09-01 before:2024-06-01,https://news.google.com/rss/articles/CBMirgFBVV95cUxNcjJ6clkxRUpOVk9NZFJfLUl0TF9MRGliRjI0VEx2bkduRDNLQl9TdU1seHZySkdKQmVObThyWkRsLVlzSUZlQ0NsSXZSRXZGN2hCVVU5TzZyOGVZdVg0Q0xIc2Q5aktRSFhvUzVwLXNVQUt2N3VFaXE5OG1RU3dZTkc4OTkxYUVHMmRra1FjS3B3aUI4cHVETW1xbTFfektfOGxzTHdGZkFIZHNKMlHSAbABQVVfeXFMT1ltSjRPR2xFN1pWT01FR1dldTR4a3o5MWVmQXBIanJ3S3IxVEVPVk1CaVEtSDFDOFhkZ1VsSlFPdm5pa3hTWlpmbndUcHNKeGRnYmw0cS1UMlR6VTFKdUNHQ0ctYUp4bzl5cFV3cHNHZWFfM21Ea0djSFV3bm1ETnVQeWVsMU5vZFVrTnVIcEJvZ1lnMGlBLXVDb3NRQXB2eG8xZlRyMnl2YXYwSVdQM0g?oc=5,"Red Sea Shipping Workarounds Add Costs, Delays for Suppliers, Retailers - VOA",Voice of America English News,2023-12-29T08:00:00+00:00
panama_canal_drought_2023_furniture,google_news_rss,Panama Canal drought Asia container shipping rerouting East Coast ports after:2023-09-01 before:2024-06-01,https://news.google.com/rss/articles/CBMikgFBVV95cUxQajhLZ0w1c0ZtUEc1SllZSVpKTTE2VnJyTk16aDZ2VVlQZk96QldScEhsT2hfSHdCOE9waHJYdzBiQlhfSFp6TVgwMHpyWGVKeVF3a0hEZDlXZjZBX0FIWTZTR291c3Bxd3RDbVhDcEl6RGhObGtfNmpzbDVoTXBFTEEteHcybTZEQ25OblV5dFVjUQ?oc=5,Houthi attacks are starting to reshape shipping flows,The Washington Post,2024-01-17T08:00:00+00:00
panama_canal_drought_2023_furniture,google_news_rss,Panama Canal drought Asia container shipping rerouting East Coast ports after:2023-09-01 before:2024-06-01,https://news.google.com/rss/articles/CBMipgFBVV95cUxORFFrR0FQcDJTaW42S1pzTkI2OUhmS3dqX0ZvR2ZPTDZyNjQ2aWZFLS1JUEloSllIV213WmxELVh1SXFySEI0eGNBWXR4S3N4QzFiU2N0X29uRTlCcUt1cWlMSGNvV0haU1hRN1l4dklPVVpoM0cwUzBQWnpYRllQYUo4SHNtZUNPVngzRms1YUZiTXU3NVRJakRBMDRjMG1wX21keFJB?oc=5,"NY-NJ port chief sees delays, but no congestion, from Suez diversions",Journal of Commerce,2024-01-30T08:00:00+00:00
panama_canal_drought_2023_furniture,google_news_rss,Panama Canal drought Asia container shipping rerouting East Coast ports after:2023-09-01 before:2024-06-01,https://news.google.com/rss/articles/CBMinAFBVV95cUxPWVZod1htTWhpbWJ2Z0pFeHk0VWdESWJsb3ppWDJMQU9MRXE0VzBqMTV6Y3BCZDgtX2owZVJOY0pJNGNSWXVDdzJFLS1RVENUWUZuRll2ZGdFd1o1enRSQ3p6SE4zbWR4YW00eTJwN2czMGZsVGFmNlNlOG5nQVU0NFZyTE9nY2QzZ1pwNkgxMVo0c0JnY1h5ZEw0cG0?oc=5,West Coast shipping rates surge as Red Sea fallout goes global,FreightWaves,2024-01-04T08:00:00+00:00
panama_canal_drought_2023_furniture,google_news_rss,Panama Canal drought Asia container shipping rerouting East Coast ports after:2023-09-01 before:2024-06-01,https://news.google.com/rss/articles/CBMilgFBVV95cUxPUjdKdTItLXBMTE1XM0VNd1diWlRXWTB5c0x5OEFhQkVodWI1LVh4Q0Q0eUVhNDdIVEd4ZlktUmUtellTTGVSWW9SQ2ZFVWk1NHg0Wm11LTB0MFM1LVFMYzh4ZDctcjNWYXJ0Q3ZoSWhMZV9FLXNPNnR6TXlHUzlYZTI0b3RnaUNoRklTZ1BhWUJQWGdtS2c?oc=5,Red Sea Rerouting: Demand Soars for 1.7M TEU Container Ship Capacity,slguardian.org,2023-12-20T08:00:00+00:00
panama_canal_drought_2023_furniture,google_news_rss,Panama Canal container shipping delay furniture retailers after:2023-09-01 before:2024-06-01,https://news.google.com/rss/articles/CBMixgFBVV95cUxNLTRKYVc2WVM3dlE0bkhxZ0tuYnotd1dYeUdRZDctd2gyMmlUZHlqQjY2d1lKZmVVakVxd1JVXzkzVjgwT2tMUUdfY1QwYnFnVTQyV1dPRzBHak0yT1R3Y0pyY21PdUtjR3BKcXpKYzZvZEk4YWdlVGNQYnMwWDV0cldzWW13QlltVVZ2WmY1ZFNpLXM2cG9wcVpKUWE4dm1kZklNMWVhQnpUVHlqWVI2TGs5QXhDb2Z2T25MbHBnNjZwc05iZnc?oc=5,Red Sea crisis leaves some retailers more exposed than others,Supply Chain Dive,2024-01-18T08:00:00+00:00
panama_canal_drought_2023_furniture,google_news_rss,Panama Canal container shipping delay furniture retailers after:2023-09-01 before:2024-06-01,https://news.google.com/rss/articles/CBMi4AFBVV95cUxNQ1RvV09RTHRESTg0MW5SeklVYkt5T2p4VncwMm5LT2luX2NaR2NQYzlBNmstQTJEbW1mVHl2bkdLemVzOTIxUTZVbVVHLTJjSjk5cEZMYi0zRU44X2owRlNSSnM3dUdpakRtVTZ2cGZaM0Y1QnczRkZZN1BrNWlzOS1lSi1icnZpWUZoZjVQbndlYmd0MW9SV09ON2E4eDJaaGpDN1VUZXBURTRWTFRCcDM2QmdTdldWYmxIREVhakdDTmdrRjQwZ1Y3c1djYkJmYUZMT0hBalJOWTJuMFFheQ?oc=5,'We haven't seen this situation before': A perfect storm of supply chain issues could impact retailers globally,Modern Retail,2024-01-08T08:00:00+00:00
panama_canal_drought_2023_furniture,google_news_rss,Panama Canal container shipping delay furniture retailers after:2023-09-01 before:2024-06-01,https://news.google.com/rss/articles/CBMimwFBVV95cUxQWktqendXd0VMTkpvb0l2RWM4VjRxM0xXMkV3YlRKUGxlN3NBVHJtVDNYX2FtSHpxanpnS2Z5Sm02LTZqRXZBT1hwd201OXUxQlpwX1lQVHdRLVVfMDlrd1FJZjg2UVNmVWY3dElQNlVGQVFBSjZJR2ZJYl96cElGSk1oekVwUUwyYkJWRU9zUjhXLUNmRk0waVdxZ9IBoAFBVV95cUxNczkzSXdlT0cyYWNGMlVlTmprdXdlbVBCZFAzODg5OEtrMlV6aGxqUUxwU3JJNS1ZTjFGd212RXdKa0N6cDJYc19kT3FJMEJFQjB1OXdNOGpXb3F2Z3l3RFBZR0dIX2tVQ25xT0MtdXJyR2xQMkt5MlBtN0JCMGtxa3ByZHc3cnFJajdUalk2MWFHeUdIWEJFV2hTU3Rvc0ww?oc=5,Ikea warns of product delays and shortages as Red Sea attacks disrupt shipments,cbsnews.com,2023-12-21T08:00:00+00:00
panama_canal_drought_2023_furniture,google_news_rss,Panama Canal container shipping delay furniture retailers after:2023-09-01 before:2024-06-01,https://news.google.com/rss/articles/CBMimAFBVV95cUxQdW93alB0eURKTGxYZWU2V0pJUVYyNEN5Qkd3QWxrTEhaTFYyM01OTjE4TDk5VDh2OWxSUTN4MHloTkVQTXZZNkRfUHRsUFNubTRzeVVuRExXclRsdWR6V1FHWjhBclI1aXlsZFhNMmdUdVdULU12T3dleGVjNm5uNGJsclVTU1k3NUNQQUV5N1hwTjNUaDdxMQ?oc=5,Canadian firms keep even keel amid disruptions from Red Sea attacks,The Logic,2024-02-09T08:00:00+00:00
panama_canal_drought_2023_furniture,google_news_rss,Panama Canal container shipping delay furniture retailers after:2023-09-01 before:2024-06-01,https://news.google.com/rss/articles/CBMiswFBVV95cUxQbUpQbm00OFVDTF9kTkVudDF4S1JhSEtGWWdKVkliNl9JanJKdHRlcUZKS0tVb1l4d0xpeE5Qa016dXFKWEx2YXIzSzRON3dBdDZrbmVkdThwR0Q1Ml81YU9GLWNGTU4wamNYQ1dxN3BEV2dDOHhGZ3phSmh5MF9tQ1l1eE1fSTh5a3FGb0FfX3pMX3V1RFBITUdwSnRHa2llOHlTeDY1Vk5ZN3NOc2tSVTBSdw?oc=5,Ikea warns Red Sea attacks could disrupt supplies and deliveries,The Guardian,2023-12-21T08:00:00+00:00
panama_canal_drought_2023_furniture,google_news_rss,Panama Canal container shipping delay furniture retailers after:2023-09-01 before:2024-06-01,https://news.google.com/rss/articles/CBMirgFBVV95cUxQUTJOaFIwMmhfX2RSWTBWNGpXWUNOZ2R0YjQzVU84U0FhYlZDX3QyVXUtVWdaYmhETHYwNEJRdExmV2RSNXBSRFNpcWFYdFlWbkFQT2V0OTFIY3BBYVJDU0NFMTAxWWRLb3kzOWlmSE1hSDNVdUdUb2FVckRONDJaa1E4QkxQTlNoMnItdE8wMlhKRWtrVEFfTFZIaU0zWndoeldjSG53RjF6SWo2bXfSAbMBQVVfeXFMTlBmMWxHa1pOV3hoN3V0dlBWS3FlUF9EX2p1TXRBaER1Nmh6aFV5YzFSc2FCQXVEaU5PRVp6OXd5WWsxZVFwV25qQkdiUUZuY1RrcHRJaERFUmg5dk1pYTdNdU5qUk1QSmprNkxGUFNfNDEzOUxza3hFR1VzWjRabDkteFJwLWZZc1djMG9SS25ubk1PSFRKZWlGdFRLNURFUlhxOE4zYjlSWTZ4c2Y4eEdmaGs?oc=5,How have Red Sea attacks by Yemen’s Houthi fighters affected companies?,Al Jazeera,2024-02-04T08:00:00+00:00
panama_canal_drought_2023_furniture,google_news_rss,Panama Canal container shipping delay furniture retailers after:2023-09-01 before:2024-06-01,https://news.google.com/rss/articles/CBMixwFBVV95cUxNalc0UEpPSlc2aTctSXh2QWJkazlVR19INk9LY3YyakFCOTl5VElfQjlzaURSQnh0bDg2dHIyb29RNkR4VG9ZZVNMOUppVlY2bFJkRlpabE1MZmktZ25zbTFxZzctcVIyeDZjZ3FFamlSbTNCNTM4LWRSYkdKeTJ2QnVYNUpKZkhja3BqN0s3NU8ydzBsel9qR3RoT2VkMHFWNUxyU3c1cDNoTDhJSTJkZ1JTcG52bDl6X3d1SUlycEJReWZDUmkw?oc=5,"Last-mile business, while down from the pandemic peak, sees slow but steady growth ahead",DC Velocity,2024-01-09T08:00:00+00:00
panama_canal_drought_2023_furniture,google_news_rss,Panama Canal container shipping delay furniture retailers after:2023-09-01 before:2024-06-01,https://news.google.com/rss/articles/CBMiyAFBVV95cUxPT01uWWZWS21Xa3hSWEc0U0hxRm9oMS00bkZkTERLbkd1UDlXQ25GbEljMS1uVjF5c2dFQ1E2WFQ4OXQ0UjRUaVRvakZWZlQzSmVfQndoMFY2MG9mSmtIZzJvbmRPR0FuamFKZUFmbjhwR3NWcU82Z3VEckZxYkNtYVhTbVYxTDhsU09mSlhtTjg0cjBqLUFqd1N5UzgzamhyZU1xVUhnS21jYUxEUkwzY2FWTEZGdEN3LWZFdnFmM2twTm5pWnlYQw?oc=5,"Companies, including Ikea, warn of possible product shortages and delays due to Red Sea attacks",The Straits Times,2023-12-20T08:00:00+00:00
panama_canal_drought_2023_furniture,google_news_rss,Panama Canal container shipping delay furniture retailers after:2023-09-01 before:2024-06-01,https://news.google.com/rss/articles/CBMihgFBVV95cUxQSWRJWjVTMU9Ob3lhVktETU81Y2g3V3lKYkVVYUFLY21SQjd1SHhpRVoxV2x4SFRHcWxsdV9rWHRvdlRUaGZmM0lwWVhkWklGY040QlJEZEVKUFRNV2d5dTFxR3JmMmFfcnpscm83Z1VWQzh5cFQzS0JRMUExNXpXQXg4SURvdw?oc=5,Tensions on the Red Sea are disastrous for the world economy,vreme.com,2024-01-13T08:00:00+00:00
panama_canal_drought_2023_furniture,google_news_rss,Panama Canal drought Asia container shipping rerouting East Coast ports after:2023-09-01 before:2024-06-01,https://news.google.com/rss/articles/CBMisAFBVV95cUxQajFfU212Y053WHNoYmh2bDZ4Y3ktVXlRRHlxX0JoamNkREVFRUZuTFZ0eS1DYmJPWjlJZm5JdFVNYVdqMGxiaXp4dGk0QUlCd3JUNDNHYzNaUmxpOFhyS0Rxa3NsVHg3SUxfV2FsaTRrRVVncjdPVC11c01acThiU0xvWFpMeUI0dVZKdWpuVWVFc1BCMEt1OGdBUFJ4c3JuVzhKSFZoajRNZElicFhiYQ?oc=5,2M adjusts Asia-US East Coast ship schedules to account for Cape reroutings,Journal of Commerce,2024-01-24T08:00:00+00:00
