event_date,source,title,url,location,event_type,impact_target,trigger_module,trigger_scenario,confidence,replay_id,detected_time,alert_lead_indicator,expected_effect_window_days,evaluation_basis,proxy_confirmation_delay_days,proxy_confirmation_time,proxy_lead_days
2022-10-13,Federal Register,Implementation of Additional Export Controls: Certain Advanced Computing and Semiconductor Manufacturing Items; Supercomputer and Semiconductor End Use; Entity List Modification,https://www.federalregister.gov/documents/2022/10/13/2022-21658/implementation-of-additional-export-controls-certain-advanced-computing-and-semiconductor,China,export_control,supply_source,module1_risk_propagation,top_1_supplier_failure,0.98,R001,2022-10-13,policy_signal_early,30,testing_proxy_not_observed_confirmation,30,2022-11-12,30
2023-01-18,Federal Register,Implementation of Additional Export Controls: Certain Advanced Computing and Semiconductor Manufacturing Items; Supercomputer and Semiconductor End Use; Entity List Modification; Updates to the Controls To Add Macau,https://www.federalregister.gov/documents/2023/01/18/2023-00888/implementation-of-additional-export-controls-certain-advanced-computing-and-semiconductor,China,export_control,supply_source,module1_risk_propagation,top_1_supplier_failure,0.98,R002,2023-01-18,policy_signal_early,30,testing_proxy_not_observed_confirmation,30,2023-02-17,30
2023-05-23,Federal Register,Implementation of Additional Sanctions Against Russia and Belarus Under the Export Administration Regulations (EAR) and Refinements to Existing Controls,https://www.federalregister.gov/documents/2023/05/23/2023-10774/implementation-of-additional-sanctions-against-russia-and-belarus-under-the-export-administration,Belarus; Iran; Russia,export_control,supply_source,module1_risk_propagation,top_1_supplier_failure,0.98,R003,2023-05-23,policy_signal_early,30,testing_proxy_not_observed_confirmation,30,2023-06-22,30
2023-10-11,Federal Register,Addition of Entities to the Entity List,https://www.federalregister.gov/documents/2023/10/11/2023-22536/addition-of-entities-to-the-entity-list,China; UAE,export_control,supply_source,module1_risk_propagation,top_1_supplier_failure,0.98,R004,2023-10-11,policy_signal_early,30,testing_proxy_not_observed_confirmation,30,2023-11-10,30
2023-10-25,Federal Register,Implementation of Additional Export Controls: Certain Advanced Computing Items; Supercomputer and Semiconductor End Use; Updates and Corrections,https://www.federalregister.gov/documents/2023/10/25/2023-23055/implementation-of-additional-export-controls-certain-advanced-computing-items-supercomputer-and,China,export_control,supply_source,module1_risk_propagation,top_1_supplier_failure,0.98,R005,2023-10-25,policy_signal_early,30,testing_proxy_not_observed_confirmation,30,2023-11-24,30
2024-08-27,Federal Register,Revisions to the Entity List,https://www.federalregister.gov/documents/2024/08/27/2024-19130/revisions-to-the-entity-list,China; Iran; Russia; UAE,export_control,supply_source,module1_risk_propagation,top_1_supplier_failure,0.98,R006,2024-08-27,policy_signal_early,30,testing_proxy_not_observed_confirmation,30,2024-09-26,30
2024-11-01,Federal Register,Additions and Revisions of Entities to the Entity List,https://www.federalregister.gov/documents/2024/11/01/2024-25411/additions-and-revisions-of-entities-to-the-entity-list,Belarus; China; Malaysia; Russia; UAE,export_control,supply_source,module1_risk_propagation,top_1_supplier_failure,0.98,R007,2024-11-01,policy_signal_early,30,testing_proxy_not_observed_confirmation,30,2024-12-01,30
2025-09-16,Federal Register,Additions and Revisions to the Entity List,https://www.federalregister.gov/documents/2025/09/16/2025-17893/additions-and-revisions-to-the-entity-list,Belarus; China; Iran; Russia; Taiwan; UAE,export_control,supply_source,module1_risk_propagation,top_1_supplier_failure,0.98,R008,2025-09-16,policy_signal_early,30,testing_proxy_not_observed_confirmation,30,2025-10-16,30
2026-08-07,Google News RSS,GLICS deploy RM1.4bil to elevate Malaysia's semiconductor value chain - The Star,https://news.google.com/rss/articles/CBMiywFBVV95cUxPSXMtMDBUaXNPMXc0Z2FNUktucWFVWjkzbENhMGx4emVEVFpaV3U1V3VYd0M4Z0hBd0JUa2szMUdic0tiYkM2bjN0MHJsd0VCbFB4VmdZaklfcWxkZ0lyV3dSUXZnd2ZHNkFnZ25VUnpIYVNyU25HaXpBdlQ5aGlicW16bUxMU2pOYkxYWHVuMWhkOUk3Mm56OUlfY29GYlE4NDlpYXF5UEZtdFdUZ21Yb1ltX0JsZ1hJTmxTVUliMGltY2FEM2NscUJwYw?oc=5,Malaysia,semiconductor_policy,supply_source,module1_risk_propagation,top_1_supplier_failure,0.85,R009,2026-08-07,market_signal_fast,30,testing_proxy_not_observed_confirmation,30,2026-09-06,30
2026-08-07,Google News RSS,Capital Market Key In Powering Semiconductor Growth Phase - BusinessToday Malaysia,https://news.google.com/rss/articles/CBMipAFBVV95cUxQR1RjZTlzRjJkZmg5NDlody1WX1I5OFFwcVlKNEdRTGVxb0dnTUYzV2JTQWMtMnhyUml6NFVZTnNPSGtFN3owMzQ3OTR0Y2o4SHVzS1N1R2VyYzNSVERMTzNEWHM3VTJ1TDlpYTZxZkR5dkZYZk5udUlsWGVLbkF6NWdSQUxQZXhIaTFodncwRjVGSTRuVXhnY2h1TGRGNDljcEkyQg?oc=5,Malaysia,semiconductor_policy,supply_source,module1_risk_propagation,top_1_supplier_failure,0.85,R010,2026-08-07,market_signal_fast,30,testing_proxy_not_observed_confirmation,30,2026-09-06,30
2026-08-11,Google News RSS,Lessons on semiconductor development for Vietnam from Malaysia's strategy. - Vietnam.vn,https://news.google.com/rss/articles/CBMimwFBVV95cUxNTDJiaHMxaG1hRVpzQXJOWmtNbzFQQ2NzMHBGTWRzSENEX0Y5TVNXZWc2RU5HMHkxVXNsYV93Z3FfcW05NlB1U29NanRiZnN3RmhmRWNORUMxcktsMEEtYTdGVGstaGFkZ29QTnBrcW9BaUphSVBDVlJkWV9vdG5BQk03Y3ZCcGF1Mk8wZUJKdXhYcTRiSmJpMmlBYw?oc=5,Malaysia,semiconductor_policy,supply_source,module1_risk_propagation,top_1_supplier_failure,0.85,R011,2026-08-11,market_signal_fast,30,testing_proxy_not_observed_confirmation,30,2026-09-10,30
2026-08-11,Google News RSS,Semiconductor surge puts Malaysia in sweet spot for China Plus One - Focus Malaysia,https://news.google.com/rss/articles/CBMilwFBVV95cUxNQ1FLVDctRDRpMzEwa1JjYnVOaGlNUF9tUGp1UVJZWW5DN1BIeVdINV80X3U5eUEwaWRjRnJOV1dMWnF4LWk3T0N1MlB5S3lDZWI0QWFWT2s3SkVWVGFkQXMzWFk1MnRITERDQXBJa3YzTWw2RUdNZnNtcXB2MVdmaEE4NjN5LTRxTmdoUVk4SG5KWGpTeFFZ?oc=5,China; Malaysia,semiconductor_policy,supply_source,module1_risk_propagation,top_1_supplier_failure,0.85,R012,2026-08-11,market_signal_fast,30,testing_proxy_not_observed_confirmation,30,2026-09-10,30
2026-08-11,Google News RSS,Expert gives advice to Vietnam’s semiconductor sector from Malaysia’s experience - Vietnam+ (VietnamPlus),https://news.google.com/rss/articles/CBMiuwFBVV95cUxOWERDMTFWbFc5RFJqZjl5VXZGRGpIbk51NjNlNGVvcVRxU21wcmJQWGZfeWVqQnpnT21jU0FYRHVrSzlPMXJTNG1ocHRWUEFRUjJrLXVGOEM4R1dGTHdPd3VaX2R6RmVsVUkxNGxaSWxRbzVRYVhETVdUOUpOMXpmUnhPSGkyNm11YXZpTHRwTWEzdzR1cDg4NmpjcXdFYS1MVHdFOXJpdTJwbjhRVVdZTnNBYUhQTmxKWUpV?oc=5,Malaysia,semiconductor_policy,supply_source,module1_risk_propagation,top_1_supplier_failure,0.85,R013,2026-08-11,market_signal_fast,30,testing_proxy_not_observed_confirmation,30,2026-09-10,30
2026-08-11,Google News RSS,Malaysia wants to climb the semiconductor value chain. Siemens' executives see a narrow path - Tech Wire Asia,https://news.google.com/rss/articles/CBMiggFBVV95cUxNMHhDVlJMYUh6TU1sUkZVSkVEXzNIV3dLVU9CbmthNUU1TG5YZjh2azF5bkpEMlVYVGpROUhRS2V1WjdJcUVhekFBMXYyMHBjcDBOZkptbGNiN2x3WlhKV2Q3TFNCVHY4Q1NEcXBrNjdZZWtMbzVMNVpoYXpQSHFiR0NR?oc=5,Asia; Malaysia,semiconductor_policy,supply_source,module1_risk_propagation,top_1_supplier_failure,0.85,R014,2026-08-11,market_signal_fast,30,testing_proxy_not_observed_confirmation,30,2026-09-10,30
2026-08-12,Google News RSS,AI could help Malaysia move up global semiconductor value chain: Expert - The Sun Malaysia,https://news.google.com/rss/articles/CBMirAFBVV95cUxPbC1IazZiMkl1ZFdwakpkVDNuWkRvd2xiSTRUNnU0ZTRhSXJXRGd2T1p0aVNCTm9tUGZYdHJ5Zm1LTFk0UkhOZ1dKR1M3Ynl3anRvSUdXeWlCcjM4eUR6OVVXMHB4V1cwQThGbGs5blN0c3BqdFdBZzNubWJfbmdjTlBNVDVmMDlYT296SHRyWklLaC1JSl9qRFhZTV9sMHBtRVBBTnloSnl5VHdZ?oc=5,Malaysia,semiconductor_policy,supply_source,module1_risk_propagation,top_1_supplier_failure,0.85,R015,2026-08-12,market_signal_fast,30,testing_proxy_not_observed_confirmation,30,2026-09-11,30
2026-08-12,Google News RSS,Deadly attack on Red Sea ship adds to global supply chain uncertainty - UN News,https://news.google.com/rss/articles/CBMiV0FVX3lxTE5IcjBTNWs4R3N2UXNNQmw0X3l3Tml3TDYyODJKLXF3MjQ2MUZjblB0Rl9zTFdnelVHNkZMVzZTbExZRHFKZldseWJqbFZLUEt5SkdWd2xRNA?oc=5,Red Sea,logistics_disruption,transport_channel,module2_transportation,lane_rerouting_check,0.85,R016,2026-08-12,market_signal_fast,14,testing_proxy_not_observed_confirmation,21,2026-09-02,21
2026-08-13,Google News RSS,"Malaysia emerges as AI tech upcycle winner, but chip ambitions face talent hurdle — HSBC - The Edge Malaysia",https://news.google.com/rss/articles/CBMiU0FVX3lxTFBobFFsUFpRcmxWWG5KSmxKbEhCNVJmSG1WZklRdWtpOWd3LWJmX0RyOVRhN1poUnNROVR6LTBvemU1OFlQNk5iUUowYlpFMGNER1Zv?oc=5,Malaysia,semiconductor_policy,supply_source,module1_risk_propagation,top_1_supplier_failure,0.85,R017,2026-08-13,market_signal_fast,30,testing_proxy_not_observed_confirmation,30,2026-09-12,30
2026-08-13,Google News RSS,Deadly attack on Red Sea ship adds to global supply chain uncertainty - The European Sting,https://news.google.com/rss/articles/CBMiqwFBVV95cUxON3drYW1jTnhBZm1UWHM3eWhuaXBJUXFnV20tU3RmNTBJQWtwUndqcmlkWDh4QU5BM0dFbVZncWlJRzFnQmVtVWt1eHlROThOcXVfdDVicnFLbW9SS2E3NThpZjZ6R3FDM1UyYTNsVkV5aTJ5b3EtNVJfSmhxX2ZnQ0ZhMTNGMmxxSmRSNS0wSlUzSkZ6bXJDYmN3ckg3d1BRUlFoX0xOcS05TjA?oc=5,Red Sea,logistics_disruption,transport_channel,module2_transportation,lane_rerouting_check,0.85,R018,2026-08-13,market_signal_fast,14,testing_proxy_not_observed_confirmation,21,2026-09-03,21
2026-08-14,Google News RSS,Malaysia’s Semiconductor Base Can Power Its Next AI Growth Phase - BusinessToday Malaysia,https://news.google.com/rss/articles/CBMirAFBVV95cUxNRDVLX2pxak5Id0hJX0FkMnNHZ3hSLTIzd1hqSF9feGtvT3MxSm1qb0dVY3JhT0RxUzVFMHdNS0dnTko5eUlidUlsX3ZKS0Rhc1IyVmo4M3laY0RSVmNwYldvNTd4Z3padVFyd3RZd0RDbjh6QlRxVzBTTlhVTUhFZ2hEcEhRX3hFNTlGM0xSNkNqUjBwYndiYTRTREJ5ZUJtM2pWdzVNT2dRSTls?oc=5,Malaysia,semiconductor_policy,supply_source,module1_risk_propagation,top_1_supplier_failure,0.85,R019,2026-08-14,market_signal_fast,30,testing_proxy_not_observed_confirmation,30,2026-09-13,30
2026-08-14,Google News RSS,"Malaysia’s chip sector faces uneven AI gains, supply risks - HSBC - TNGlobal",https://news.google.com/rss/articles/CBMilwFBVV95cUxPY282Z1NRVTI4QnlDRzJFWm9YVHdhQTZ2MWVrSG02MnZCMFBzY3B4ZUd6Mks5R0dRZENFSmI1Z3JiWlNsLTFJQmVvNExtdE9FV0FXVk1iVm1TLVlPYXNJNFNPSlI2Q01zVVV3ZDBZY3NmXzNkYXdMMk1MbDFkYlppVlRNSnhacDVUS3Q2Y21BSmYxUElWWG80?oc=5,Malaysia,semiconductor_policy,supply_source,module1_risk_propagation,top_1_supplier_failure,0.85,R020,2026-08-14,market_signal_fast,30,testing_proxy_not_observed_confirmation,30,2026-09-13,30
