event_date,source,title,url,location,event_type,impact_target,trigger_module,trigger_scenario,confidence
2026-08-14,Google News RSS,"Malaysia’s chip sector faces uneven AI gains, supply risks - HSBC - TNGlobal",https://news.google.com/rss/articles/CBMilwFBVV95cUxPY282Z1NRVTI4QnlDRzJFWm9YVHdhQTZ2MWVrSG02MnZCMFBzY3B4ZUd6Mks5R0dRZENFSmI1Z3JiWlNsLTFJQmVvNExtdE9FV0FXVk1iVm1TLVlPYXNJNFNPSlI2Q01zVVV3ZDBZY3NmXzNkYXdMMk1MbDFkYlppVlRNSnhacDVUS3Q2Y21BSmYxUElWWG80?oc=5,Malaysia,semiconductor_policy,supply_source,module1_risk_propagation,top_1_supplier_failure,0.85
2026-08-14,Google News RSS,Malaysia’s Semiconductor Base Can Power Its Next AI Growth Phase - BusinessToday Malaysia,https://news.google.com/rss/articles/CBMirAFBVV95cUxNRDVLX2pxak5Id0hJX0FkMnNHZ3hSLTIzd1hqSF9feGtvT3MxSm1qb0dVY3JhT0RxUzVFMHdNS0dnTko5eUlidUlsX3ZKS0Rhc1IyVmo4M3laY0RSVmNwYldvNTd4Z3padVFyd3RZd0RDbjh6QlRxVzBTTlhVTUhFZ2hEcEhRX3hFNTlGM0xSNkNqUjBwYndiYTRTREJ5ZUJtM2pWdzVNT2dRSTls?oc=5,Malaysia,semiconductor_policy,supply_source,module1_risk_propagation,top_1_supplier_failure,0.85
2026-08-13,Google News RSS,Deadly attack on Red Sea ship adds to global supply chain uncertainty - The European Sting,https://news.google.com/rss/articles/CBMiqwFBVV95cUxON3drYW1jTnhBZm1UWHM3eWhuaXBJUXFnV20tU3RmNTBJQWtwUndqcmlkWDh4QU5BM0dFbVZncWlJRzFnQmVtVWt1eHlROThOcXVfdDVicnFLbW9SS2E3NThpZjZ6R3FDM1UyYTNsVkV5aTJ5b3EtNVJfSmhxX2ZnQ0ZhMTNGMmxxSmRSNS0wSlUzSkZ6bXJDYmN3ckg3d1BRUlFoX0xOcS05TjA?oc=5,Red Sea,logistics_disruption,transport_channel,module2_transportation,lane_rerouting_check,0.85
2026-08-13,Google News RSS,"Malaysia emerges as AI tech upcycle winner, but chip ambitions face talent hurdle — HSBC - The Edge Malaysia",https://news.google.com/rss/articles/CBMiU0FVX3lxTFBobFFsUFpRcmxWWG5KSmxKbEhCNVJmSG1WZklRdWtpOWd3LWJmX0RyOVRhN1poUnNROVR6LTBvemU1OFlQNk5iUUowYlpFMGNER1Zv?oc=5,Malaysia,semiconductor_policy,supply_source,module1_risk_propagation,top_1_supplier_failure,0.85
2026-08-13,Google News RSS,How Could NXP Semiconductors (NXPI) Malaysia Expansion Reshape Its Supply Chain? - simplywall.st,https://news.google.com/rss/articles/CBMi2wFBVV95cUxObmRlakNoOGdRbVFjQ3RPTmVjRVlMbDdPODdySWc4Q0R3VnBZdkk1cU52S3h1c3htblhqQzBmamgzbGpoZUEzRjNNdnMwaVZ5VG4zT2tFVERVLU55c0ktZG90bWgtTFJOaGg4bmxPdW5FcVNmdV9nNm1IYmwxcVd4b1JHN3U5elRYSDJ3bGRwNjZoMVZFVFE2cEx5WlNQaTNhRm9vLXMweXBSakhRVjJ5YWNaUGR0TU5iRWRsU01uY0h6ME9VUlpsN3pvb2lSWENHOUF1Q1VDR1ZMdWPSAeABQVVfeXFMTTBoUmNHcjdRb0lZWlhLd3YxczBCNTZ1YjAwOHY4YTl0aUE1QnlBakJTUkVwX3JSbzNUTmw1S0ttelM3YVBuOWRXN3N2R29BSVlrTmIyU3F6a1FpWU10VkhrbWdxcER0VU9LSFFBSHB6V2VON0FhWGhXSXhVNW5KRk5YcjI4TlZ0ZzctZFQyc2dHWHJIUUxHNThyRUozcUNvZkJPU0lVRFVVV1FHOTd1ZHprLXNmYWFFU3RmZUVYUjhCdG8za2l4RkxSUXVUY2RjemIzWEZoenp1X0J2dTZRRTY?oc=5,Malaysia,other,supply_source,module1_risk_propagation,baseline_moderate,0.6
2026-08-12,Google News RSS,Deadly attack on Red Sea ship adds to global supply chain uncertainty - UN News,https://news.google.com/rss/articles/CBMiV0FVX3lxTE5IcjBTNWs4R3N2UXNNQmw0X3l3Tml3TDYyODJKLXF3MjQ2MUZjblB0Rl9zTFdnelVHNkZMVzZTbExZRHFKZldseWJqbFZLUEt5SkdWd2xRNA?oc=5,Red Sea,logistics_disruption,transport_channel,module2_transportation,lane_rerouting_check,0.85
2026-08-12,Google News RSS,AI could help Malaysia move up global semiconductor value chain: Expert - The Sun Malaysia,https://news.google.com/rss/articles/CBMirAFBVV95cUxPbC1IazZiMkl1ZFdwakpkVDNuWkRvd2xiSTRUNnU0ZTRhSXJXRGd2T1p0aVNCTm9tUGZYdHJ5Zm1LTFk0UkhOZ1dKR1M3Ynl3anRvSUdXeWlCcjM4eUR6OVVXMHB4V1cwQThGbGs5blN0c3BqdFdBZzNubWJfbmdjTlBNVDVmMDlYT296SHRyWklLaC1JSl9qRFhZTV9sMHBtRVBBTnloSnl5VHdZ?oc=5,Malaysia,semiconductor_policy,supply_source,module1_risk_propagation,top_1_supplier_failure,0.85
2026-08-11,Google News RSS,Lessons on semiconductor development for Vietnam from Malaysia's strategy. - Vietnam.vn,https://news.google.com/rss/articles/CBMimwFBVV95cUxNTDJiaHMxaG1hRVpzQXJOWmtNbzFQQ2NzMHBGTWRzSENEX0Y5TVNXZWc2RU5HMHkxVXNsYV93Z3FfcW05NlB1U29NanRiZnN3RmhmRWNORUMxcktsMEEtYTdGVGstaGFkZ29QTnBrcW9BaUphSVBDVlJkWV9vdG5BQk03Y3ZCcGF1Mk8wZUJKdXhYcTRiSmJpMmlBYw?oc=5,Malaysia,semiconductor_policy,supply_source,module1_risk_propagation,top_1_supplier_failure,0.85
2026-08-11,Google News RSS,Semiconductor surge puts Malaysia in sweet spot for China Plus One - Focus Malaysia,https://news.google.com/rss/articles/CBMilwFBVV95cUxNQ1FLVDctRDRpMzEwa1JjYnVOaGlNUF9tUGp1UVJZWW5DN1BIeVdINV80X3U5eUEwaWRjRnJOV1dMWnF4LWk3T0N1MlB5S3lDZWI0QWFWT2s3SkVWVGFkQXMzWFk1MnRITERDQXBJa3YzTWw2RUdNZnNtcXB2MVdmaEE4NjN5LTRxTmdoUVk4SG5KWGpTeFFZ?oc=5,China; Malaysia,semiconductor_policy,supply_source,module1_risk_propagation,top_1_supplier_failure,0.85
2026-08-11,Google News RSS,Expert gives advice to Vietnam’s semiconductor sector from Malaysia’s experience - Vietnam+ (VietnamPlus),https://news.google.com/rss/articles/CBMiuwFBVV95cUxOWERDMTFWbFc5RFJqZjl5VXZGRGpIbk51NjNlNGVvcVRxU21wcmJQWGZfeWVqQnpnT21jU0FYRHVrSzlPMXJTNG1ocHRWUEFRUjJrLXVGOEM4R1dGTHdPd3VaX2R6RmVsVUkxNGxaSWxRbzVRYVhETVdUOUpOMXpmUnhPSGkyNm11YXZpTHRwTWEzdzR1cDg4NmpjcXdFYS1MVHdFOXJpdTJwbjhRVVdZTnNBYUhQTmxKWUpV?oc=5,Malaysia,semiconductor_policy,supply_source,module1_risk_propagation,top_1_supplier_failure,0.85
2026-08-11,Google News RSS,"Malaysia Time-Sensitive Networking Market Size, Share,Trends, Growth Analysis Report, 2030 - MarketsandMarkets",https://news.google.com/rss/articles/CBMiogFBVV95cUxNc2thVGpiai1Oa3JYeXo0bllCNFlpX2NGaXpnSnR5QVBacE1Wd1ZyMHJWWWdMaktaOGRGNEFhdmtnam5ndzh5MVZzX2x3ZWVkbEx0QUpUaUh4RFBEUXdEanFRMjdYNzhvRWtBMmlRelhGcEdKQ003SFczdHJETVB2MUFEalBSNzFNU0tXRjRza3NLYVd1MkNzeVdqV3NNUDI3YUE?oc=5,Malaysia,other,supply_source,module1_risk_propagation,baseline_moderate,0.6
2026-08-11,Google News RSS,Malaysia wants to climb the semiconductor value chain. Siemens' executives see a narrow path - Tech Wire Asia,https://news.google.com/rss/articles/CBMiggFBVV95cUxNMHhDVlJMYUh6TU1sUkZVSkVEXzNIV3dLVU9CbmthNUU1TG5YZjh2azF5bkpEMlVYVGpROUhRS2V1WjdJcUVhekFBMXYyMHBjcDBOZkptbGNiN2x3WlhKV2Q3TFNCVHY4Q1NEcXBrNjdZZWtMbzVMNVpoYXpQSHFiR0NR?oc=5,Asia; Malaysia,semiconductor_policy,supply_source,module1_risk_propagation,top_1_supplier_failure,0.85
2026-08-10,Google News RSS,Middle East shipping disruptions have pushed ALUPCO to re-strategise its aluminium extrusion supply chain strategies - AL Circle,https://news.google.com/rss/articles/CBMi-AFBVV95cUxOdUgxamI1dXVRWHlvS0FPdTZBYzFUTnVtdjVBWWh3NnZfNFhyU08xWUVvSGpvbGtXNG5XcHhIVzE0WXR1OGtFWjFKOElfRG9rRGtLYUtodkltaUQ2WEg1UDR3TENrUmVmaWxhZXdlN0h4clFwRzg4MFh0bjRjQkdmM1NHbmlIQm9kRkVDSUlnb0UyYjNrVk5xbm1HeUtjX2t4U1NxcE1wYXRpZUVGSWxsUjhETTQ2cDR2eXdWcXQ1X0RtMEVzMkNGWXpweE1BajFvZVpscE8wR2dyWWNOdFkwdUp0ZllvMkNPQ3lwZFdfM1RWOGxKejdubA?oc=5,Unknown,logistics_disruption,transport_channel,module2_transportation,lane_rerouting_check,0.7
2026-08-07,Google News RSS,Capital Market Key In Powering Semiconductor Growth Phase - BusinessToday Malaysia,https://news.google.com/rss/articles/CBMipAFBVV95cUxQR1RjZTlzRjJkZmg5NDlody1WX1I5OFFwcVlKNEdRTGVxb0dnTUYzV2JTQWMtMnhyUml6NFVZTnNPSGtFN3owMzQ3OTR0Y2o4SHVzS1N1R2VyYzNSVERMTzNEWHM3VTJ1TDlpYTZxZkR5dkZYZk5udUlsWGVLbkF6NWdSQUxQZXhIaTFodncwRjVGSTRuVXhnY2h1TGRGNDljcEkyQg?oc=5,Malaysia,semiconductor_policy,supply_source,module1_risk_propagation,top_1_supplier_failure,0.85
2026-08-07,Google News RSS,GLICS deploy RM1.4bil to elevate Malaysia's semiconductor value chain - The Star,https://news.google.com/rss/articles/CBMiywFBVV95cUxPSXMtMDBUaXNPMXc0Z2FNUktucWFVWjkzbENhMGx4emVEVFpaV3U1V3VYd0M4Z0hBd0JUa2szMUdic0tiYkM2bjN0MHJsd0VCbFB4VmdZaklfcWxkZ0lyV3dSUXZnd2ZHNkFnZ25VUnpIYVNyU25HaXpBdlQ5aGlicW16bUxMU2pOYkxYWHVuMWhkOUk3Mm56OUlfY29GYlE4NDlpYXF5UEZtdFdUZ21Yb1ltX0JsZ1hJTmxTVUliMGltY2FEM2NscUJwYw?oc=5,Malaysia,semiconductor_policy,supply_source,module1_risk_propagation,top_1_supplier_failure,0.85
2026-08-03,Google News RSS,CIMB sees Malaysia’s AI role expanding across semiconductor chain - Investing.com,https://news.google.com/rss/articles/CBMixAFBVV95cUxOeGZTYzhxTi1MUC14eVg0SGlvMmVGOVRiSFlTdzVQcHVjZ1NaZmZCQTFvVm1mc2pFb1ctY1BWNGkycklfeFpFbHhGVXN4NU1YNnNSMmVfQmd0RzZyQU5wWVBRak5LeXdWdUNGRU01WGRPTndNel9wRTRPV2JfODRwOElvYUtaVTg2ZFY2VGx4Q1FpVWJ6cWJsWWxOUFBXMXNjNlEwUk93NlVlVmxLYnd4UkxuR0ZFYVJrVUFDOExJUXp3Tkpx?oc=5,Malaysia,semiconductor_policy,supply_source,module1_risk_propagation,top_1_supplier_failure,0.85
2026-07-31,Google News RSS,Malaysia chip suppliers face a new gatekeeper: cybersecurity - ET CIO SEA,https://news.google.com/rss/articles/CBMiywFBVV95cUxQTTB1cE16OXFodERUZ2gxU04xc09NdzR4WEdPd1lGcHRidWcyTEo1VXQ5bUxwZkkxOF9wekJiY2R5cWR0M3lqT280aXhyaHlBNmNuNVc3Q0hRclg2ZXU4SnZ2dk50ZDFnQkNxX0dWcmF4MmVWMmp5U1V6SVE3SGhQVUJEQUVTMm1jOExtMkZ0UW1CUXlLak9WVDU3ZVhJWTZYelN5WGNNUExWUFp4UHI5ZEotSGdwV09lMWJ0aC1jYVh5THlTWGZfLWYxdw?oc=5,Malaysia,semiconductor_policy,supply_source,module1_risk_propagation,top_1_supplier_failure,0.85
2026-07-28,Google News RSS,How Red Sea shipping disruption is feeding energy inflation — according to Permutable data - Container News,https://news.google.com/rss/articles/CBMingFBVV95cUxQbFA2ZHowSEhCeVZpcVNZWVk3bTlfb2hBVkc2TUVwaFFWRUNkUkdnaW10TXpMYWFMdHNDYkUyQkpvU2FfbDU0M3pkdXJYSHY1MEVPZjhvbDViWGpoWnlwWWpQVjJzOFY2MnVZYnc1ZlNpRGw3MV9OUmVNNFNtUGxMWUJ6dndFN0NCZ1hxcWtURzNLMVBVWDBiVDBleVhiZw?oc=5,Red Sea,logistics_disruption,transport_channel,module2_transportation,lane_rerouting_check,0.85
2026-07-26,Google News RSS,Houthi attacks threaten oil supply ‘plan B’ and the consequence may be catastrophic - The New Daily,https://news.google.com/rss/articles/CBMigAFBVV95cUxPekdHX1lzSFpxSU5jRTJvQjRvQWt2UGdQa0J1SDR6c181V1NRWFN5eUJsWDVwd0h5OFZzekZ5WEdqaVNpNlowN0ZudEk3bmozVTBtS05XR3Q3Sk0tSHZhVHZPN1R5YVVWVzhMcDN3eWZmOGRZemlkY1ZzVWxYeWpqRA?oc=5,Unknown,other,supply_source,module1_risk_propagation,baseline_moderate,0.45
2026-07-25,Google News RSS,Can Saudi Arabia turn supply chain disruptions into long-term opportunities? - arabnews.jp,https://news.google.com/rss/articles/CBMiYEFVX3lxTE9aMTJ2aXNldHlsX2F0Y01sWXNuNXk5UUtEcDhWNml5WjRxdXptNTh6Sm5vaEoydE5wdFVrZ2xEYU9obmoxT2lyNnZ2WmVmRXQyQkJLczZRZHUyU2ZqcHVHTA?oc=5,Unknown,other,supply_source,module1_risk_propagation,baseline_moderate,0.45
2026-07-24,Google News RSS,"CNA Explains: With the Houthis' Red Sea threat, is the world running out of detours? - CNA",https://news.google.com/rss/articles/CBMingFBVV95cUxNUXVTNkJ2MWxxVWZ4V216SWQ4NktBSmh1Wmdfc2dUdy1rVzhRUGEtTXkyeFdlekJ3c1lTQ3hkaUUwbDZoUGxWalFqLW9IRUNPVDRuejRMci1sUURWS3FlM2p0MFFQZEJQaENCSTcwOU1ncmhEMGdOVjZaU2pNMlppZHpPc25Wanp3M3F4Z29lMVJMM0tnVHE3dE9KX09NUQ?oc=5,Red Sea,logistics_disruption,transport_channel,module2_transportation,lane_rerouting_check,0.85
2026-07-23,Google News RSS,Conflict-Driven Chokepoint Disruptions - Council on Foreign Relations,https://news.google.com/rss/articles/CBMidEFVX3lxTE5EYnFrVkd3M0wtMDNrSnY2aVFaeU1YM3p3ME94dkdraWhrcmhVazlPMWZheFNCLTM4QzhHeUFPOFhnenBsSk9kVXR2dUNLbHN2Wi1IMTRud3VUN283bFRocDZlYWxPSzBjZDdJUkRsaWR3OVFD?oc=5,Unknown,other,supply_source,module1_risk_propagation,baseline_moderate,0.45
2026-07-22,Google News RSS,Middle East conflict is reshaping global shipping once again - Metro Global,https://news.google.com/rss/articles/CBMimAFBVV95cUxPUlFkbHFWWFZiWHhsWUJ3SDR3SjFFWS1iaTl4ZDRnYnREb2Q4T1AwRDFhYnMxbzNPWVd2dlhGcmN0UlFBenozTGNpaXlSOHRPQnZVY1lRTDc2bWxFVWdrYllSN29BTG9oeVQxeVhBRkVPcUdxdElrcERCSGNpanJfOWVDNkdwSkkzUldwUXladkZPdDlkR0FJWg?oc=5,Unknown,logistics_disruption,transport_channel,module2_transportation,lane_rerouting_check,0.7
2026-07-21,Google News RSS,"China Defies US Sanctions, Completes 1GW Data Center with Domestic Chips, Accelerating AI Ambitions - finance.biggo.com",https://news.google.com/rss/articles/CBMidkFVX3lxTFAyZk1QUmtXM1V2OXB6bDZFNkZFR2lhb25nVlNNX1Zyd0tfVG1CcE5LY3FpT0ZmcWxzSkNVMlc3YWsyOWhPYVQyMWN2WW9RYnYydXFfQlhIYlZSQnRRUWMzVGdsbGZnVGtnMlVLajdQTWU4TWd3SFE?oc=5,China,other,supply_source,module1_risk_propagation,baseline_moderate,0.6
2026-07-20,Google News RSS,Why the Red Sea remains one of the world's most dangerous shipping routes - The Economic Times,https://news.google.com/rss/articles/CBMitwJBVV95cUxOak41aVJSTEktZC1XeXpNMGNOMnlzMmNMaHJWNFZUWDlQczNkNDJoUlpXWHlhN0VCVmp2ZDFxOGk4ZmRZdTZFTlVkNFNZNTlUUjRyY1F2ZXQ1RElZN0tHWmpaRWhNNEdtX0lsS2JUVmo1dHdzTnUwbVljYmRjRGx0MzNrVG1qaWMtZjFEeXJJVE1ia3VkbGcxOEZnaGo4dzU3dnBERHVQODJ3ZHhBYmNyeGs2WnRVdU8wd0JIU0tnNVZkWmh0OW1ZeWdlUXBVSGVQbndOaEItN3doWTBGeEVMX1hOXzMtcW4wV0ROa2lkWXJQSFJacEVPMzFDaHJGTEUxeWpoTUoxcUhWMEZ0QVdqS2dtZkg0Yk90eXgzWGttUGtZcTNCMGR0OTZ6QlVlOVl1R0VuQ0VJMNIBvAJBVV95cUxNSTR5eHpBT2NadDFqWXVBdWcyTV92dXlkSHZrNzUta2hJeWRfbkR1VWpCY00zeDdadjU2TUFCNVVDS21BQ1JFZUZuNjZ1TG1VSFFVTjdKV1Yzald3dEhHc1ZCcllwZVEwM0JETXcxSHI2WjdEYnZtR25QZXMtNnlaMlBDNXFPREJoaTBrUHlNVmQtd0ZnWmIwQ3p0Q25EZjQ0b0FWNngzX3lKSVl2a19FZzJwOE95N0FhS3FCMk1jSDl6UVlsRWRmXzI3aGhTdU5kSWloWVBIVlVHYjBlZ2lROWdEN1RlOFlIM3VoY25wZUt2RFJiY2I4c094NWtiRW1hTkZUSDJINlZHVlg0SVlnUEx6ckxVdWdlTjNjWF9ucjlNZjJSZk90dUZMZTVWZlJiSGlQeWxobkZqYTRK?oc=5,Red Sea,logistics_disruption,transport_channel,module2_transportation,lane_rerouting_check,0.85
2026-07-20,Google News RSS,Another Hormuz? What to Know About the Houthi Threat to the Red Sea - Council on Foreign Relations,https://news.google.com/rss/articles/CBMijgFBVV95cUxPVGJwUm9MbzR1RUREblM3dEQxcEVsSG11NGVPN1JTczJwY1JhNlIwaDE4MVFrTWo2WWZ6RTI0SlBwNGNEV1pjWlJPZmZLUHZpd3RpWjJZWnJRdlV3akNLR2lrS0N0VlFPRWg5OHc1bVhFdWE1NUhzQW8zRVRVdW1fd1J0bWxtdGFTeVNCV1RR?oc=5,Red Sea,logistics_disruption,transport_channel,module2_transportation,lane_rerouting_check,0.85
2026-07-20,Google News RSS,From Hormuz to the Red Sea: Oil Surges Past $90 as Asia's Crude Supply Chain Faces Collapse Risk - finance.biggo.com,https://news.google.com/rss/articles/CBMidkFVX3lxTE4yd2Y4Vk4zUlBDRG1EbHR5V1R4a001Q3diX3B3XzhnaW9NTUZObHV1elpETE5WaUtzOHFKUXFpaHZoSHpybGtRWk5wS1V5Z0ZST0U4RE1LU0lqZWNsaFlDS0syTDJEaVdWQlY2b3Q0OWVLZkhKQUE?oc=5,Asia; Red Sea,logistics_disruption,transport_channel,module2_transportation,lane_rerouting_check,0.85
2026-07-11,Google News RSS,Why Malaysia must join Taiwan's semiconductor supply chain - Academia - The Jakarta Post,https://news.google.com/rss/articles/CBMiqwFBVV95cUxOdkNEMHRFMHM1YlBZU2Z5cndHVExSOWZqZE5mblZkaDJpMzZLbk5nMVM5UmVQTXRoYThsMzkwVVpoc19VazlBWFRSTTYya3l3UXFhdXVTVkNUdEhta0tZUU5IaW5Ibm15N1AxZUZUckNHS3ZFLVJveXZlUzdPU2pCSTVRYXFJdVlEY3h6QnpoS2Y0TXowMzBsV0dNWkZ3RVVYSmtPMjZrSmYxeDg?oc=5,Malaysia; Taiwan,semiconductor_policy,supply_source,module1_risk_propagation,top_1_supplier_failure,0.85
2026-07-09,Google News RSS,"While the U.S. flip-flops on chip sanctions, China is building its own chip supply market — export controls are creating conditions for a Sino-Russian chip trade alliance - Tom's Hardware",https://news.google.com/rss/articles/CBMiswJBVV95cUxQaC0zN1hjTkVNbDJ5MzE3Njc0cFN6UHFCQmhTVVIwZkJaWk9kNGxOTVhLdHVVTnVlWC0xNWNET0dDZHQ2dUZOVk1HRDd6RXQ0aVRIZ2FKVE41N0twdHJid0xPaG5tRkprZHVLQy0zOXlNQk0wci1oQ1ByNW03WXNLYzNMbDJsbkRoQ3kxcHVYZ0hwY0xGWF95NjdUN2NPZjA3V0lDSHoxaVl3el9DaXhGMVh4RC0zbW5CcFhKRU42dWVyVlAwamUySWYxT3FfN3c4M0pXTmlJdlZVb1I0WERNSDlDTUlUMEVJajhwQ1JlUzlTLWFJaEVzazhtaWYwVGJ6akFTVkNCX3lQOXc2dGNvbnBZNXgxNFZteVJpYVZ5SktGZ3RfM01CSTcyU3U5UXBPT284?oc=5,China,semiconductor_policy,supply_source,module1_risk_propagation,top_1_supplier_failure,0.85
2026-07-08,Google News RSS,"Ocean freight market turns red hot, prompting freight rate rally - Scan Global Logistics",https://news.google.com/rss/articles/CBMilwFBVV95cUxQYU5Cc0o3ZlBMSXlKMnVLOWJsUndjU2VJdnRaNnVlOHBvNnk0cHMzT3JQRlVzcmpLR0FuWVQyVFk1dF9RVlo0Vm1fUHM3STdqSzNWRzZRSEhtbFB0bjJJc0otNEtiM2d6VXF2YTdqVGVtcVdNWWp1dnRfVHExeEg3MVNYc2xFVHRVRWE2bEZ0NmlPUjZtbTBR?oc=5,Unknown,logistics_disruption,transport_channel,module2_transportation,lane_rerouting_check,0.7
2026-07-08,Google News RSS,News Logistics and resilience are key as Saadé warns supply chain disruption is 'new normal' - The Loadstar,https://news.google.com/rss/articles/CBMirwFBVV95cUxOSWU2QTFhY1dPUmZJcHBVQ1NsMWR1UHhjZkJkN05lWHJWTnMxMTdyRVN5LUNwX05nYjdZdThsVEd2Q0YzamFDaTdXdGItbjFyeTRmbVpqQjltM2pwaHJ2WWtVZ2xYeE1YWmtuOUY3N0xndWhWNHRfUmNnY05CeHdrNlBoN0lyckhCOXFuQkp5M043TEQ1WEdWVDdMQURIdGNsTThCRlRGQXRUSE5ONEJv?oc=5,Unknown,other,supply_source,module1_risk_propagation,baseline_moderate,0.45
2026-07-07,Google News RSS,"After Iran war upheaval, global shipping eyes return to status quo - Al Jazeera",https://news.google.com/rss/articles/CBMirAFBVV95cUxQYWU2amE5VDFhNmRPMWt6NzJ3NjJaYmNoYnZ4a1lDYW54TGdCUWMybXVwWkIySG9rV0I5VUsyRlZham9wT3dDLVc0LUNhQ3dEUDhhdVA1bVNEZ0RpVzl0aG00NVBjZmRsTndsSy1DUV9qb3V1eS1OdjF5cGxBczloaDF4c3pNcWx6V1ZDTmFSRk9pTFhGa3puZWpxS3pReC1kcmZqbDBzRDdXTjZB0gGyAUFVX3lxTFBxWnpiRHI3elBFOE1PT29oZ3NoUHhyNWVQYkFfWHZ3VHlLZ0pRZTYtdzJTYkhxNTRvSERPMnFETm1hLWFQS3ZEQWR1ajJULXRrLXdFRmRQRVI4c3NxWEcyTmViSnQxaFltVGxVYjlzTGI5bjA0dFBra1JuMVo5NzZyVWQzOUFVS2l3SFlEYUdOYnhuMTd1RlRnNVhBVmxEZzd1NGlZQUplOE94WXBTakVWVWc?oc=5,Iran,logistics_disruption,transport_channel,module2_transportation,lane_rerouting_check,0.85
2026-07-05,Google News RSS,Between the superpowers: Southeast Asia’s strategic supply chain dilemma - Lowy Institute,https://news.google.com/rss/articles/CBMitAFBVV95cUxOSlpiVkNXREV5TzdueERpTjZZM0JBTmQ4emJrdGdDUXBPRG9WOWlrMlhOcUtFSEV2MGVZbVpoZFp1VXJzcDVjWklKdk1FZVNqaV9zckVoZWlmMDdtREQwbkdUQ3hOWFhPZmdKODZNbmhVRWJNSXRfSEttRWhnU2dUNlF0UVRlV2h5ajludEk2S2psWG1VenptWXNDUF9NVDU5QndhMjZlSHJuMFJqMUNLVlNOOEc?oc=5,Asia,other,supply_source,module1_risk_propagation,baseline_moderate,0.6
2026-07-01,Google News RSS,From Capability to Competitiveness: Strengthening Malaysia’s Semiconductor Supply Chain - MIDA | Malaysian Investment Development Authority,https://news.google.com/rss/articles/CBMirwFBVV95cUxPZklFS2ZyajNxVm1laGlmQjdGQWF3ZkZ3VDNrN29XYTFXNTRWSlNEeXZSZVV5bDZPMDljeTFhR0FmT3prTmNuVlBFanYtV1JZZUJLMXNQZU1aTXpDRF8yY2dtMlNpLTJSek5mSTJWOUV0aml4MTZqdzlFTkhmU1hfLW45c1RxZ2Uwc2pJbGZlNVV2aXUzSUo2SnhmOW5BM0Vza2NIdmgxaEZXTnQwemNF?oc=5,Malaysia,semiconductor_policy,supply_source,module1_risk_propagation,top_1_supplier_failure,0.85
2026-06-30,Google News RSS,Why 2026 is Testing Global Supply Chains Like Never Before - Supply Chain Brain,https://news.google.com/rss/articles/CBMiqgFBVV95cUxQaWg5dnVUb014dlpxWTljUldXNDFJYlVmXzZjbGtMd2ctSENQS3dfSmxSRDdtUzU2ZEJDcUd4S2lxMk80dmZ1OWxlT3A1eUJiX2pVVXA4VUs3TzVna1RKME42Z0dGSThacG5mdlVLMGZ0U2VZdk5WVGhqOUwzb0lUTHVTVjN1OTJVa2JxSUd6OFA1M3dudXJxM3plbjA4aG1mbkt1UVgxekJPdw?oc=5,Unknown,other,supply_source,module1_risk_propagation,baseline_moderate,0.45
2026-06-21,Google News RSS,China’s chipmaking supply chain runs through Southeast Asia - East Asia Forum,https://news.google.com/rss/articles/CBMinAFBVV95cUxNWWdVVDFuMy1ndFBFYWg1WlM0eHhkZGtBVFFfY3hQVzJGYlp6Sk9KU0ZYbEt6ZDJRZ2VodDNxVlVqRVMzQTVIYXZSLTRtcnh0TE9IX1dSUW1jci01Qmd6UHd3b3N6dUNGcDhobHl5LWJaVS10ZUp2TjlVZk54QXBOVTNRaU82M1BiUVgtSi1aNTZ6d2tVSVZyb2RRYW4?oc=5,Asia; China,other,supply_source,module1_risk_propagation,baseline_moderate,0.6
2026-06-10,Google News RSS,Why Port Efficiency Matters More Than Ever Amid Global Shipping Disruptions - gCaptain,https://news.google.com/rss/articles/CBMingFBVV95cUxPMFhCZGx1NlNlZ1hCem00bUdqM3c4V3FNQjBWTHVETVFWUzBwekQxaHZaS2NUSFBLaTBqUC13U0o3WGl1ei1TYnJfRmNnN3NIUnRtZThCVE1HVWwzRlJsSy1EaDVNSlZ6T3o2Mlpfa1BCbmNxQXhVQWlMOXVRTzVuNFBDSGoyclk5VmsxZklmTktzMndFb1BScGM0Zy1Ndw?oc=5,Unknown,logistics_disruption,transport_channel,module2_transportation,lane_rerouting_check,0.7
2026-06-08,Google News RSS,Houthis declare Red Sea blockade - and insurers face a two-front crisis - Insurance Business,https://news.google.com/rss/articles/CBMi1wFBVV95cUxNVTdIc1poc0FKblJJaVhWNjBlbGpNa1Z4akpkNVFOeG5oY0pEaTJVd19WOXowREdrcDRtZGo0SzlUUDVFd1k3NWhmcnpiaHdabXVqSGxUR0djRVlKNUxsN0tNdzFNN09HYWM3bWc2MTV1RzdXY1U5QnliNDVXV3pUVjh3blpEQ1hpVjdlR05IOWFBazMwazhqLTdnaElheHdhRzJGY05nc0NRTlYtaF9qOXlSY2IzdDczRmV4TkNXOUFaV0ZuajJBSS1aQ0lSajJGbmdtTl9nQQ?oc=5,Red Sea,logistics_disruption,transport_channel,module2_transportation,lane_rerouting_check,0.85
2026-06-03,Google News RSS,Red Sea crisis exposes need for greater supply chain resilience - Yahoo Finance,https://news.google.com/rss/articles/CBMikgFBVV95cUxQUDZQazhKWklkMzFCNVNHSTJseFZQS1ZwTXpvelNFVGRXdmM3bDltU1FpeDVyTERHMW1EWTdVekdkYUI2c2hERGpyNzQ1ZllGaXVmWkZPVVlfWG8xc1pkVDRHNk1mcFRIYkVoTlkzVE11aEZxa3p4Y1FBc3E1bmxLLTlESVFfelEwbDJ0XzZXbmx0QQ?oc=5,Red Sea,logistics_disruption,transport_channel,module2_transportation,lane_rerouting_check,0.85
2026-06-02,Google News RSS,U.S. Expands Semiconductor Export Bans to Chinese Overseas Entities - 조선일보,https://news.google.com/rss/articles/CBMiiAFBVV95cUxQNS1TRFE3VmFWblpyWHEzaWdrTWRLejdzdXA5VDN5ZG5YTzhmYXgwM1kxUTgtYjNjLWtLSmgxdXlJeUY3ZzlpNC1jbnRhV1QyeGhRZFZJM1JMNV9tRWNqdzBHSmxtRG9zcDhaOTNOWjRua0pLa1lrRWoxR3FvSDJMT09XMTJnb3dS?oc=5,Unknown,semiconductor_policy,supply_source,module1_risk_propagation,top_1_supplier_failure,0.7
2026-06-01,Google News RSS,Trump Goes All-In to Block China’s AI Chip Backdoor; Huawei Says “U.S. Sanctions Fueled Our Semiconductor Rise” - finance.biggo.com,https://news.google.com/rss/articles/CBMiYEFVX3lxTE9EYWE4bFNRSnY5TUZfcElBUXBPaHpHclIyUmhkdENyRkdRZ01pUVYtaDZ0enRTbFAyOVV4c2VOZmxPTGFYaG1KNVZ1ODI4VWh0aG9fNllxYnJlN0lIX3NCSA?oc=5,China,semiconductor_policy,supply_source,module1_risk_propagation,top_1_supplier_failure,0.85
2026-06-01,Google News RSS,U.S. Expands Export Controls to Overseas Chinese Subsidiaries - 조선일보,https://news.google.com/rss/articles/CBMiiAFBVV95cUxQbE1aOWpfOF8zM1psdnZ5Ui1JMU1jOEdTbTBrZ2pXaWx6R3lmd0lZYktUcXM2NTV0ZHNqcmJ0Sl96RGc5c3pfWDFvNnlSMmhiZi1Ib3FuTGpKZjRyX1pzLVJSNURiT3pySXpwbDNHZVNJeDJzdDVjb3ZLT2ZicTBZcDZlV2xnaWlw?oc=5,Unknown,other,supply_source,module1_risk_propagation,baseline_moderate,0.45
2026-05-26,Google News RSS,The Ripple Effect on Middle East Shipping Disruption - Logistics Business,https://news.google.com/rss/articles/CBMivgFBVV95cUxNa0NJTV9xNXFTZTNLdkUtNWZMU21fMDlFTXZDUm11aWFGZlFYSl9wWlFCc2VFYzNHT3JvVzBjeXl5ZlNYRnRYcmVBbXhmVmxSRWxEaGlVSTVheDRRc1A2amc3dVE4aER4Vk81VUZYR0ZTZ3RQc0h3UFhXeUcybjJ2RFRKWTZJb1dod1EzZFp3eExnMy1HZ2VpcHJHWlVRd2hvTURkMFRIWEwyTFNDVU9rNGU4elE4bUJEZ3FaSVhB?oc=5,Unknown,logistics_disruption,transport_channel,module2_transportation,lane_rerouting_check,0.7
2026-05-22,Google News RSS,EU Sanctions Credibility Tested by Proposed China Chip Exemption - EU Today,https://news.google.com/rss/articles/CBMijgFBVV95cUxNUHBBNzRnU0E2VmtjS0VpUkJiTlNtZDZfdmc0U2piaXQ5cmY1ZERmZ2kzX1JHNVpYRmNQbWtONi1MTkwyUkNTQUVURUl5THJrZzM5cU9lMlZlUHVSOUdNN3RjNjhubTZsNkJEN052T216czVlaVBYT1ktclNjbWNrWFloNzlKbG5ZcHA4dnRn?oc=5,China,semiconductor_policy,supply_source,module1_risk_propagation,top_1_supplier_failure,0.85
2026-05-21,Google News RSS,Op-ed: Red Sea Disruption Turns Shipping Route Into Supply Chain Shock - IR Insider,https://news.google.com/rss/articles/CBMiiAFBVV95cUxPaEpwanlHSENqVGQ5YU9oUUs5LVNDYnJpSDhrNVRJVnNKVGpHOFhPOVM0a2dHSS1lVG1DVUZRcU1MM2dUX0ktTFdSdE55Q2puOERzVUdxR09sOERrTDFWMUF2Z1E3Y3lmQVhJTGUwNmlBODJ4b3MzN2RZWUVZeVZkdUgxRXpid0pp?oc=5,Red Sea,logistics_disruption,transport_channel,module2_transportation,lane_rerouting_check,0.85
2026-05-19,Google News RSS,How Malaysia’s Semiconductor Industry Can Thrive in an Era of Strategic Competition - The Diplomat – Asia,https://news.google.com/rss/articles/CBMitgFBVV95cUxOc1Qzd3Y3QTN1bU40SDB0RHM4TkRXWFhpbHlpMXhKRV9KUWJlZkh0SkowMml4czNkSVF3Ri1DYkNWd3REazgtS2JHTU5nd3o3TTJ0N3h6dVhmbGREdHhJRFhZWVo3alBDaDJLRjFNTnZuMFFMWXpZUnJGOURhUndDT1VWbDVxbkxnbVpIQTRvR3pBbFZGWU9xVklQZXZFdXdJVm5vdXppSUdpTWJQR2lORnBvazhVdw?oc=5,Asia; Malaysia,semiconductor_policy,supply_source,module1_risk_propagation,top_1_supplier_failure,0.85
2026-05-11,Google News RSS,MIDA Pushes Talent Development as Malaysia Expands Semiconductor Value Chain - EE Times Asia,https://news.google.com/rss/articles/CBMiowFBVV95cUxQZ3FLQnBQSnczaGY2ZUM2bHRiVW5zZjRIMEtzaFBxdlFrTGtPUk9ZcWtyaFhYMnpPLTRMS3NZZnpRVkxodlpfMkNXekZTX2pwRWxBRGJpZjBNNUlZemc2Yzc0QXBKazFTSXFldkF5a3VBYjNIX2VzTzJ0cmVLdTBTd3NpZTdXdUVQc0JWN1R0dEx6SHl5aFZieGNYclZQdW93VDk0?oc=5,Asia; Malaysia,semiconductor_policy,supply_source,module1_risk_propagation,top_1_supplier_failure,0.85
2026-05-07,Google News RSS,Geopolitical conflicts and the restructuring of maritime transport networks: the causal effect of the Red Sea crisis on port throughput - Frontiers,https://news.google.com/rss/articles/CBMilwFBVV95cUxQaTZzZ3dEb3dRTDZZZ1dEZFg5dmRoQVdBREM1YzNuQmk5dUNSTG9Ldzd6WHBzMkFGU1cxVUpKTlhtbXFiTEt2R1dpa3B5ZFU0YmpHaVk0c3AxaHNfeTRxUDdCVUgxRjBscGlVNWNkYnRSZWpxMllydU9PSkhyMWpILWdQcXMyS1dmMXBaWFJkRnBhcUF6ZElv?oc=5,Red Sea,logistics_disruption,transport_channel,module2_transportation,lane_rerouting_check,0.85
2026-05-01,Google News RSS,China’s Semiconductor Equipment Companies Gain Share Despite U.S. Sanctions - 247wallst.com,https://news.google.com/rss/articles/CBMivAFBVV95cUxQVk5EQ2FVYW1vWk9SNVdFcE9MMUNOSmhhTHU4VW95bVZicU0zSXE2VWJNbFBvTjlrSWxOWVhoc2hYMXRzcHdnUWRydlVfU003Tks3TzFSZzM1Zk51eHdJQUVad3M1YTBnaV9tZlpPbk9rZjZsT2dEX1JvaTdnQU8zbkJfR1I0WHA1WW1xb2llVVhpNWRjMnlPYVNCaVI2MlluMWVFY3k1RGtyalFjVVV1V0MtcGZ6QzBQZkVodQ?oc=5,China,semiconductor_policy,supply_source,module1_risk_propagation,top_1_supplier_failure,0.85
2026-04-27,Google News RSS,Red Sea Disruption: Real Cost to African Trade in 2026 - Bloomsbury Intelligence and Security Institute (BISI),https://news.google.com/rss/articles/CBMiiAFBVV95cUxQWVdKempiRS1PYU1mWFNPSzR3MExKbWxkckc4VVJRSmRLM1AtT21zTlQ3WWJQSzJBcnl0eHdtMzhzMFhLMzgtYy1nVWNISktpVVZodGRuaVh5eWJINnZqZExNeFZoWmFiakRKWUNfSEN5RVd4Nm1uSFZJWUY2NXc4dWpKQWdGQk1s?oc=5,Red Sea,logistics_disruption,transport_channel,module2_transportation,lane_rerouting_check,0.85
2026-04-23,Google News RSS,Malaysia Semiconductor Industry Opportunities for Foreign Investors - ASEAN Briefing,https://news.google.com/rss/articles/CBMisgFBVV95cUxQbFBHQW5fcm1tT2tva1UydUtMMnpTcEQ4SU9EWTNGWDdJazdTXy1yeF9POWNPQWp0d2ZSanFQNzZiWnNDT1I5VWIyOXNHaGl6MGN4d3NjM3BNazVrNG02aS1MbW96LWp4Qk5jV2tTeTZ5SDZsR1VoZUJMQlNLbGtOQy1HUUxpVDZNLUNLLUFxN2xEMFI1bjJZMUh0b0t1Z0h5SnV3WVNXWEpQczdlb2t1b2xR?oc=5,Malaysia,semiconductor_policy,supply_source,module1_risk_propagation,top_1_supplier_failure,0.85
2026-04-13,Google News RSS,Malaysia Attracts Semiconductor Investments - Industrial Info Resources,https://news.google.com/rss/articles/CBMitAFBVV95cUxPSlAtN1N0S2VsUnEyTU5ZMHNnWG92aTdZMVZNQWwyYS1aNlhraWV1dHNldG5BR0NVVjR0enhKYWJpV2VEZER4OGR2bVRsQUtxVGxlbGNnY0xoMjg2NWQxRFpKNDBBSm5EN2NOcldFekowSXZCdVp0Rk13SUx0MHZDcE16V0NjRW12dHMtTnVPT1FrZUtUUUhtQzBZMVdlVmNRal9jbGtYQXI3X3ktUFpRMUEzZU8?oc=5,Malaysia,semiconductor_policy,supply_source,module1_risk_propagation,top_1_supplier_failure,0.85
2026-03-17,Google News RSS,"Chipmakers in Malaysia monitoring risks from helium supply disruptions, association says - Reuters",https://news.google.com/rss/articles/CBMizwFBVV95cUxQZ2d2Ri1FeTVKOFJEdGhhN0tKVHVJNlVNcmRwSEpTbEdfVmhnSHBYU3NVYUdaY0dQaDdJanlJQk5vdlpJbVRIWEVzTXR1Tjd4UlU3clF3cjQ4T3hVeV9SelYzVEVFRjRYN1czalc5VVVlMjdYQXctWFVsMWdSVC13N2l0VlJRYlJqM3E5eURKSFFXUUQxRjNxY2ZkREN2cHpNT3Q1aUVWbWFUN2lZSUtBOE90NGtJXzgwWThWOEZqOWRkeFhmdnV6U3hPYm9lcWc?oc=5,Malaysia,other,supply_source,module1_risk_propagation,baseline_moderate,0.6
2026-03-16,Google News RSS,Reported Draft Rules Signal New Semiconductor Export Controls Framework | Pillsbury - Global Trade & Sanctions Law - JD Supra,https://news.google.com/rss/articles/CBMif0FVX3lxTE1zLTVySnFxWnJSSVhFYmVUV2lGcW9NM3g2NG9JOC1Fc1FpeF9zZTJjTmVvSldLYVRkaFdHNnhhaDlqakZjeEZjMHA2VGRUQ0FoVFdMck1nNzRrRUczV0pieUVKZWV3b3BFZkhyeUw4VkRuY1Q4NFBOSE51cHJpRms?oc=5,Unknown,semiconductor_policy,supply_source,module1_risk_propagation,top_1_supplier_failure,0.7
2026-03-04,Google News RSS,The Impact of Red Sea and Panama Canal Disruptions on Global Shipping Strategies - Global Trade Magazine,https://news.google.com/rss/articles/CBMisgFBVV95cUxObUlkeGZ1Tm4xeVEteFVta01DVFdLWVRWQkdseXpBQmdwQzhJb0phNnhCY1dmUEZhd3FnQmRJWVZzSFRFZnNnVFdSWG1CZC04QVZqT0hITlRfc2JVdk1xU3RHVTRidi14UkxXbnVyZVIxTEl2czhWWExYb0htZm43S1NkWUJWSFBDWDY2bEdwUDBRRVlGQ0NCVzlKcmZ6bUVUeDNXY1pnVkFURlhFc0M1TV9B?oc=5,Red Sea,logistics_disruption,transport_channel,module2_transportation,lane_rerouting_check,0.85
2026-03-01,Google News RSS,U.S.-Israeli Attacks on Iran Disrupt Shipping in the Red Sea - The New York Times,https://news.google.com/rss/articles/CBMihwFBVV95cUxOXzk1M1lhMnR3NVhxdE1xSTZXSmtkOTVrZlVVUFBRRTZjVjZ2YTFiXy03NUdPWkZoaUJFT0V6VEZHWjRZR2JhSWJidUgzVi1oaDA1WWoxN29fa1pLRkY0Z2JSRTFUeUt1WkdaTHJnX2hpVlE3cEVLeTZvWHMyV0ZoRFF4bEJreU0?oc=5,Iran; Red Sea,logistics_disruption,transport_channel,module2_transportation,lane_rerouting_check,0.85
2026-02-02,Google News RSS,The Semiconductor Sanction Paradox: How U.S. Chip Controls Are Fueling China’s Technological Rise - Homeland Security Today,https://news.google.com/rss/articles/CBMi9gFBVV95cUxQMmItcUxoV2hJT1lQOEJhRHdyRzFZdEFaY09TdXBkT09IY2dlMllvdV85am5NU2owN0l3X2ctdm5OMThmVEFMYjRUU2pqeEtfVjV4c1BGZzN2Sl9TOWpWbXl1VUJMZVA3cXY1VGdjdWlrMUc5dlJyY0ZHYjZLbENkNjdkRk1ZcDZOaW44OEl2OGZrY0NFLUJnZkZzQlhhVHhDUlI5UE5lSWllU3RXd3NDXzVYQmE1MGhqb09VTzRwNTk2RzZZZk5ueGZGWFBEckpWX0llMzliNDdaNXRkUGt6b3BaSkNZemVDMW5peXZfQmc4REh3V3c?oc=5,China,sanctions,supply_source,module1_risk_propagation,top_1_supplier_failure,0.85
2025-12-10,Google News RSS,New EU and UK Export Controls on Emerging Technologies - globaltradeandsanctionslaw.com,https://news.google.com/rss/articles/CBMilgFBVV95cUxPWXN4VWVSOHRLRG51Vm4zT3pYRlNlOEtlZnR2UFFSZkxVaWNDWHhOQ3ZfeUd5NVNodGpjVUdyeTNIMlZwMlpKWko4UzFlWktkSkdNRDExY2l5MVdfOEh1T2tBd3hLeDRkWGdvTGNZSTZGYkVPRjJ1UzhpdksxcVhKcFgtUTdodUlpNEt6NUJaMTNVSHc3NEE?oc=5,Unknown,other,supply_source,module1_risk_propagation,baseline_moderate,0.45
2025-12-08,Google News RSS,U.S. Divided on Easing Export Restrictions on Semiconductors to China - 조선일보,https://news.google.com/rss/articles/CBMiiAFBVV95cUxPSUR4TVBRU2F5QWNKNW1DY3lqc3Q3a2pIVDdLUlljYW04cEFKV1ZEZGplWE9ObjZEb2JoMVNoQm1MM29hWUlJdE00YURuSGlDLW5Db1U4cnlrM2E0ekFtS0FuSnFWekItWjNPb3ZGVDdMZnltRGJuNUdFSTZNTllxODd0WnVtYUVN?oc=5,China,other,supply_source,module1_risk_propagation,baseline_moderate,0.6
2025-11-25,Google News RSS,Mapping ASEAN’s position in the global semiconductor industry | White paper - Hinrich Foundation,https://news.google.com/rss/articles/CBMipAFBVV95cUxQYXBfdnZ6b0xScldfd09TVkRfajZXLVlPaS1kTHBxMW14M01LTmJqcGI4S2dqYUpBNUVLVGhjU2NTMXpKakZ5bGYwRlBYUlA0aDdjV1pBdEF6bDZJWjMzajZ2VWVQMDFLaGpPOGtrQW9NR1ZzZFRIa1VoMTFXUWNoOFJXT0paTkhTcjZFemlqNFlJbFJ4Z2VKdlc5TXRzY1JpM2xzZw?oc=5,Unknown,semiconductor_policy,supply_source,module1_risk_propagation,top_1_supplier_failure,0.7
2025-10-27,Google News RSS,"Backfire: Export Controls Helped Huawei and Hurt U.S. Firms | Reports & Briefings | Oct 27, 2025 - Information Technology and Innovation Foundation",https://news.google.com/rss/articles/CBMinwFBVV95cUxPUF9uSG40bFRiQl9uRnVqc1FiYnhkRW9VMWdnMUc3RVpncG5wd3o0U3oxcUtucGpZQ0pQQUlpMWVnMm8tT0paRkhMVVFaY2djTDAzcXJrSlc1US16MkNRa3BlcjE3Z1BTYncyMG5KQVdEVVhMTDVUOHI4YWJzbGx5aGc1TFdaVklQWDFHczJ4SE9qVzFoVTkzZVBBdWdKNVE?oc=5,Unknown,other,supply_source,module1_risk_propagation,baseline_moderate,0.45
2025-10-20,Google News RSS,Malaysia: A soaring semiconductor opportunity - Reuters,https://news.google.com/rss/articles/CBMifkFVX3lxTFB1SngxaTdLRjZkdllXVGlPSExoQ3hfcWJzejFZTGtmLU8tSVc2OGVLOUJnX3g5Rnd3UWY3T1dva1dKamxsQUhwb2VyMFdvZUg1ODdVUS1qWHFIM3FlR3NhNGNzTFpMVHc3TERSeHpWcnU1N0p0RXlxVzR2eEpNdw?oc=5,Malaysia,semiconductor_policy,supply_source,module1_risk_propagation,top_1_supplier_failure,0.85
2025-10-09,Google News RSS,"Op-ed: With new rare earth restrictions, it's time for U.S. market to get real about the future threat of Chinese lawfare - CNBC",https://news.google.com/rss/articles/CBMilAFBVV95cUxOZUhEMHVYbklkUUtKX19rYVNmRnN0RXRITDBQb3dIa0lUaXhzNm9DTXo3Njl1dDlOS3V3djFCeTh6aWpvb1NBWVhpcU5jNVRLeF9IX3ByVkxkdjd2ZFBVZjczYkd5b1F3TFhTZFRDbjZ2bDJCa1VEVGxETFJxeEUxYnR4SXctc19WbU1pNVluMDdRN2R60gGaAUFVX3lxTE8zUlprckd2TzROREh3dVE1RGM2eVlhSENJVEdpc1BWMEVfRm1BU3pYbTN1YWhFVE9ncWo1blVPS0NlRHZlZVo0NDVKS2ZSMFRPSFRDNUtSR0hiUnlESTF1LVp2ZjFOY2h3MEFYRDNUOW1wR2ZlWm4yZmZaTUNjdkRVbDJ1ZjBlOFBNR0VfM2p4aFhoSG1ncTdCNGc?oc=5,Unknown,other,supply_source,module1_risk_propagation,baseline_moderate,0.45
2025-09-16,Federal Register,Additions and Revisions to the Entity List,https://www.federalregister.gov/documents/2025/09/16/2025-17893/additions-and-revisions-to-the-entity-list,Belarus; China; Iran; Russia; Taiwan; UAE,export_control,supply_source,module1_risk_propagation,top_1_supplier_failure,0.98
2025-09-15,Google News RSS,"Hard Then, Harder Now: CoCom’s Lessons and the Challenge of Crafting Effective Export Controls Against China - Texas National Security Review",https://news.google.com/rss/articles/CBMiywFBVV95cUxNOUo3Mk0tN3dNN2stNWNXQzdOUWtKZGhPeHdJbXJCTlVLcW1rYm4zcHBGNmxneWtrZUtFWU92bUQtZUJFZ1RtYlBrWVRqX19LRi1LZGVRejVNQ3RhQVh2eFduOFktSjdCME1SbzRhejNuc2I5anpuTnMwVzNFaWpwaFNVaDg1cUpKT2pfMkI2QzNEZnY4ck1kN0JhMlNFYk5TQl8yb1dBYTBRWmlMQk54aEZndXJSb1RPdXpPbnBTQjFZUWQ2aG9mZ3VfVQ?oc=5,China,other,supply_source,module1_risk_propagation,baseline_moderate,0.6
2025-06-12,Google News RSS,How Washington Has Tried to Control China’s Tech (Published 2025) - The New York Times,https://news.google.com/rss/articles/CBMimAFBVV95cUxPVlU2bHhzZzlpRkVYSXJWUERncXZwVTFFUS0zWnFJZmNNZE13cXljUVhsNnRocE1iR3Foc0p2QXNneC11dlY0TGVydWZidlZpcWljaWNBZG1hbHdtVzRTd3otZk5EX2k0T0pRWkVNRWtIOXlST0hNWk5IRG5ydnNTaXltdG12elV5NVFhOUJIOXZuRUVDY3VaeQ?oc=5,China,other,supply_source,module1_risk_propagation,baseline_moderate,0.6
2025-04-14,Google News RSS,The Limits of Chip Export Controls in Meeting the China Challenge - CSIS | Center for Strategic and International Studies,https://news.google.com/rss/articles/CBMiiAFBVV95cUxPUC04cnhPbURwVnR6X0xBWXp1eDJSdThSMjNTWGFkTHpNNTVUSWl6RjA0dm94UTB6T1UyWlExZGN0ZmZJbHQxaENqaE9GVkxNU2FxQ2FGZEtjRWd5QjBFUGM2UzkxSnBkc0J3ZU1ma0ZNdVNxWG9Td0FGaElERmVWRWY3NUdWTU1J?oc=5,China,semiconductor_policy,supply_source,module1_risk_propagation,top_1_supplier_failure,0.85
2025-01-16,Federal Register,Securing the Information and Communications Technology and Services Supply Chain: Connected Vehicles,https://www.federalregister.gov/documents/2025/01/16/2025-00592/securing-the-information-and-communications-technology-and-services-supply-chain-connected-vehicles,Unknown,other,supply_source,module1_risk_propagation,baseline_moderate,0.6
2025-01-15,Federal Register,Framework for Artificial Intelligence Diffusion,https://www.federalregister.gov/documents/2025/01/15/2025-00636/framework-for-artificial-intelligence-diffusion,Unknown,export_control,supply_source,module1_risk_propagation,top_1_supplier_failure,0.85
2024-12-26,Google News RSS,China Imposes Series of Measures to Counter US Export Restrictions - WilmerHale,https://news.google.com/rss/articles/CBMixwFBVV95cUxOckNtZndzZUR0WW1wNVp2SnRoWW1rQzQ2a0diOTZ3c2haWTdLWGtwR2tJV1JQLVNIV3E3anZCSS1uTG1vclR3UEprT1JrcmZVaHJ4azhSTy1OYlRyZHJ6SlhBWlZxR29adlkyQmQwYmNKMDA3UXMwenA1Y3BKdGx6S3RUX29JcGIzbThubWNmdXNweGQya0g3ZEZadnJnR0EtTGRMVDBaTmoxb0RtZG1xZXhBazZQYVNjdXFsNXo1WnFFak1iSDRB?oc=5,China,other,supply_source,module1_risk_propagation,baseline_moderate,0.6
2024-11-01,Federal Register,Additions and Revisions of Entities to the Entity List,https://www.federalregister.gov/documents/2024/11/01/2024-25411/additions-and-revisions-of-entities-to-the-entity-list,Belarus; China; Malaysia; Russia; UAE,export_control,supply_source,module1_risk_propagation,top_1_supplier_failure,0.98
2024-10-02,Federal Register,Expansion of Validated End User Authorization: Data Center Validated End User Authorization,https://www.federalregister.gov/documents/2024/10/02/2024-22587/expansion-of-validated-end-user-authorization-data-center-validated-end-user-authorization,Unknown,export_control,supply_source,module1_risk_propagation,top_1_supplier_failure,0.85
2024-09-11,Google News RSS,"BIS Imposes New Export Controls on Quantum, Semiconductor and Additive Manufacturing Technologies - globaltradeandsanctionslaw.com",https://news.google.com/rss/articles/CBMi1wFBVV95cUxQMVg5QVhyeEN0QUQ4TFY3TXNWV0tLcUtzYXlLOHVUbkpyUG11bDhLdVdVYllUdjlxQ0UtbmZtZTU2SjZfQjJ4RTFYVENQQURwaVF6ZlF4MGs3dHJUdVlURFNOcHJzR2VxdWtRWEdBdUNtVWgzNmp4Zm1JZDJtT2tGanZjZmNhZlF6amxCakF5UEpSUS1jVUMxTDV1cG42R05RWjZpUzgyY3FTeTJUNlk4UGg5bHdERThaWFBoODVPT003c1UzZHpVcEpVdktlQ2RJSU9GcFQxcw?oc=5,Unknown,semiconductor_policy,supply_source,module1_risk_propagation,top_1_supplier_failure,0.7
2024-09-06,Federal Register,Commerce Control List Additions and Revisions; Implementation of Controls on Advanced Technologies Consistent With Controls Implemented by International Partners,https://www.federalregister.gov/documents/2024/09/06/2024-19633/commerce-control-list-additions-and-revisions-implementation-of-controls-on-advanced-technologies,Unknown,export_control,supply_source,module1_risk_propagation,top_1_supplier_failure,0.85
2024-08-27,Federal Register,Revisions to the Entity List,https://www.federalregister.gov/documents/2024/08/27/2024-19130/revisions-to-the-entity-list,China; Iran; Russia; UAE,export_control,supply_source,module1_risk_propagation,top_1_supplier_failure,0.98
2024-04-04,Federal Register,Implementation of Additional Export Controls: Certain Advanced Computing Items; Supercomputer and Semiconductor End Use; Updates and Corrections; and Export Controls on Semiconductor Manufacturing Items; Corrections and Clarifications,https://www.federalregister.gov/documents/2024/04/04/2024-07004/implementation-of-additional-export-controls-certain-advanced-computing-items-supercomputer-and,Unknown,semiconductor_policy,supply_source,module1_risk_propagation,top_1_supplier_failure,0.85
2024-03-21,Federal Register,Export Administration Regulations End-User Controls: Imposition of Restrictions on Certain Persons Identified on the List of Specially Designated Nationals and Blocked Persons (SDN List),https://www.federalregister.gov/documents/2024/03/21/2024-06067/export-administration-regulations-end-user-controls-imposition-of-restrictions-on-certain-persons,Unknown,export_control,supply_source,module1_risk_propagation,top_1_supplier_failure,0.85
2024-03-11,Google News RSS,Why Russia Has Been So Resilient to Western Export Controls - Carnegie Endowment for International Peace,https://news.google.com/rss/articles/CBMiqgFBVV95cUxPWTdFRG10bDExU3dVVmtEQ0lvUDlSMm1OQVc2TU1HLTdkSkxlWFQ5Z0FfYy03aGZmR1NPTzB2R21OcHY1MmNSalRrcGtTczNqOVE1WUhsTGZvQVFqajJoQXBBOFd1ZkxBTG9fTUN1RzYzcGNaSmJYWldMeW5aR1M4NHZNMm5aaXFFU3BBU244UVVkTUtoNWhmdHVLMU1haGdIdzk1d05hUEJzdw?oc=5,Russia,other,supply_source,module1_risk_propagation,baseline_moderate,0.6
2024-02-21,Google News RSS,Balancing the Ledger: Export Controls on U.S. Chip Technology to China - CSIS | Center for Strategic and International Studies,https://news.google.com/rss/articles/CBMikAFBVV95cUxNaTc4MHBFQ09qTEFoTEFNVWhhdGxDbUY2dUJTSW5DY3piTThNbWJvaUJqaVBXNWhaSDZlcmF4cTZMNHdKVXRoYnl0TU5xWDNVbkJIVWpZOGxSNlhWTHlYTDloOGRLLWFIT2NYX3BubVE2c25kWGp3MkJKSUM5aFRsWXNfSWVDNUJGdXN3SWlKVGU?oc=5,China,semiconductor_policy,supply_source,module1_risk_propagation,top_1_supplier_failure,0.85
2023-10-25,Federal Register,Implementation of Additional Export Controls: Certain Advanced Computing Items; Supercomputer and Semiconductor End Use; Updates and Corrections,https://www.federalregister.gov/documents/2023/10/25/2023-23055/implementation-of-additional-export-controls-certain-advanced-computing-items-supercomputer-and,China,export_control,supply_source,module1_risk_propagation,top_1_supplier_failure,0.98
2023-10-25,Federal Register,Export Controls on Semiconductor Manufacturing Items,https://www.federalregister.gov/documents/2023/10/25/2023-23049/export-controls-on-semiconductor-manufacturing-items,Unknown,export_control,supply_source,module1_risk_propagation,top_1_supplier_failure,0.85
2023-10-25,Google News RSS,"BIS Strengthens Export Controls on Advanced Computing Items, Semiconductor Manufacturing Equipment, and Supercomputing End-Uses to China and Other Countries of Concern - Global Sanctions and Export Controls Blog",https://news.google.com/rss/articles/CBMirwJBVV95cUxPR1RYV2R1Q1lkWS04bGhNTU05d1g5ajlhcjFGeDRRSmVNN3JDa3pjUllsSVkwWFFCRWtZZEQ1Z3BYcU5wb3BHMW9wM0ZJUFF0ckJJdGNNLTlxNzdKc2lDZEJjT1pNdGtuWlBLcmp5WnVBWGk0eG9sRzJvejFYQkE4M0MwY3hrTTJhOFlTeHpaX3pxUUR3dnM4T3BFTTJ2RUIxbHd4emQ0SFlOQ3lkVmtmT1lTU1RhWUhpLUtlRWUtSndFLXV5TGIxa29sblktSHZTNk1heWhnUlVqVWV1b0cyUEdsbHZnUWR3eXZXNk96clYtT0RlNThZVU5rRU9Qc0QyeDlLeUcxX0xWM1gzcHM3SVZrSFVMOFpXN0NkZUU1VGZ6MjlRZlhFWk1TM0d3S0U?oc=5,China,semiconductor_policy,supply_source,module1_risk_propagation,top_1_supplier_failure,0.85
2023-10-11,Federal Register,Addition of Entities to the Entity List,https://www.federalregister.gov/documents/2023/10/11/2023-22536/addition-of-entities-to-the-entity-list,China; UAE,export_control,supply_source,module1_risk_propagation,top_1_supplier_failure,0.98
2023-06-14,Federal Register,"Boris Livshits, 9V Kuttuzi, Leningrad Oblast, St. Petersburg, Russian Federation; Svetlana Skvortsova, Yablochinkova 21, Moscow, Russian Federation; Aleksey Ippolitov, Ozernaya 46, Moscow, Russian Federation; Advanced Web Services, 417 Brightwater Court, Apt 6f, Brooklyn, NY 11235'; Strandway, LLC, 99 Wall St, Ste. 148, New York, NY 10005; Nikolaos Bogonikolos, Artemidos 36, Palaio Faliro, Attica, Greece; Aratos Group, L. Amfitheas 10, Athens, 17564, Greece. and 10 Amfitheas Avenue, 17564, Palaio Faliro, Greece; Order Renewing Temporary Denial of Export Privileges",https://www.federalregister.gov/documents/2023/06/14/2023-12679/boris-livshits-9v-kuttuzi-leningrad-oblast-st-petersburg-russian-federation-svetlana-skvortsova,Russia,other,supply_source,module1_risk_propagation,baseline_moderate,0.75
2023-05-23,Federal Register,Implementation of Additional Sanctions Against Russia and Belarus Under the Export Administration Regulations (EAR) and Refinements to Existing Controls,https://www.federalregister.gov/documents/2023/05/23/2023-10774/implementation-of-additional-sanctions-against-russia-and-belarus-under-the-export-administration,Belarus; Iran; Russia,export_control,supply_source,module1_risk_propagation,top_1_supplier_failure,0.98
2023-01-18,Federal Register,Implementation of Additional Export Controls: Certain Advanced Computing and Semiconductor Manufacturing Items; Supercomputer and Semiconductor End Use; Entity List Modification; Updates to the Controls To Add Macau,https://www.federalregister.gov/documents/2023/01/18/2023-00888/implementation-of-additional-export-controls-certain-advanced-computing-and-semiconductor,China,export_control,supply_source,module1_risk_propagation,top_1_supplier_failure,0.98
2022-12-16,Federal Register,Order Temporarily Denying Export Privileges,https://www.federalregister.gov/documents/2022/12/16/2022-27347/order-temporarily-denying-export-privileges,Unknown,other,supply_source,module1_risk_propagation,baseline_moderate,0.6
2022-11-14,Google News RSS,"A Seismic Shift: The New U.S. Semiconductor Export Controls and the Implications for U.S. Firms, Allies, and the Innovation Ecosystem - CSIS | Center for Strategic and International Studies",https://news.google.com/rss/articles/CBMiuAFBVV95cUxOWll0cmNVb2FySEpKR0c1am91TjlhZUhLZGQyaThpa1lqWXRvOHA1bHB4VkQxbEtTUGxaMHZXeXI5cW5PZ2RKVzZKMW5ablJ3QTRFaGx5MjlfUW1lbk1RbmJ5Ul8yT3docWxkTlNsU3dGZHJONFA2XzN0U2s2TXJyVGtZajc4Qnd4dEctZDg5a2RsX29kWlM5N3cwRTdxa2hKTWhBRW85QTJTNm1rT2c4RFZCa25Ranp6?oc=5,Unknown,earthquake,supply_source,module1_risk_propagation,baseline_moderate,0.7
2022-10-20,Google News RSS,The Impact of Sanctions and Export Controls on the Russian Federation - U.S. Department of State (.gov),https://news.google.com/rss/articles/CBMinwFBVV95cUxPN3F3MHR5c3BwTExDd2lJdG5mbGNHUlJMdVdwdnQ2TkdVNXV2TEtaNjJRUGZjS205dUtJWXNoYlV4MGxJLVRiNGZhYTNGOGVqYTNkN2xEZ2ZEclJjWXBjOXJwS0VpSlZYeF8taFYyZHRnWEVtTmllTDZWX2JVT1JaTnhFWkNUd2p4SE56WWozRTFtRmRLNFBRc3VQTGRzQXc?oc=5,Unknown,other,supply_source,module1_risk_propagation,baseline_moderate,0.45
2022-10-14,Google News RSS,U.S. Commerce Department Imposes Sweeping China-Related Export Controls on Advanced Computing and Semiconductor Manufacturing Items - globaltradeandsanctionslaw.com,https://news.google.com/rss/articles/CBMi0gFBVV95cUxNTjRNQWw2YVluTG55S29VYk9zZzRDdGxWdHFmSE4yM3hpVUJFMEhaWGd1dm9QZ1lHc0trV0NnRl9iQndCRjREZWpCcmZMTWVSTTlVMlBNclZ1LW9zSkViVE4tdWk4ZmZOWlZOMERxRXFYV0lLZl91bTdYS2JxemczUTRaT0xRMnF6MXFoQmhyYmR3MG42aVNkNUdJY2FMVlc1STV4Tk9FZ3BOa2R3UndlSEc2UE9hOHN5NUlzT3JZNElzZjVKaVRtazdYd0RRU1RYSnc?oc=5,China,semiconductor_policy,supply_source,module1_risk_propagation,top_1_supplier_failure,0.85
2022-10-13,Federal Register,Implementation of Additional Export Controls: Certain Advanced Computing and Semiconductor Manufacturing Items; Supercomputer and Semiconductor End Use; Entity List Modification,https://www.federalregister.gov/documents/2022/10/13/2022-21658/implementation-of-additional-export-controls-certain-advanced-computing-and-semiconductor,China,export_control,supply_source,module1_risk_propagation,top_1_supplier_failure,0.98
2022-10-11,Google News RSS,Choking off China’s Access to the Future of AI - CSIS | Center for Strategic and International Studies,https://news.google.com/rss/articles/CBMibkFVX3lxTE5xRW0zUTZCN0xrdnFKS3VTTFdScktLNFM0ZzV5ajZWY1ROazRQTzFhcmRuTTNvRTVPWWdlUkhTSUo3OVF1V2lNbTN1QlhoMVBVODBkRkxKdWx5akxydWROTnp1SXJFelZYV3NQUkZR?oc=5,China,other,supply_source,module1_risk_propagation,baseline_moderate,0.6
