series,date,value_usd,yoy_pct
all_countries,2010-01-01,1154791009.0,
all_countries,2010-02-01,1089990989.0,
all_countries,2010-03-01,1155487189.0,
all_countries,2010-04-01,1206014412.0,
all_countries,2010-05-01,1334846534.0,
all_countries,2010-06-01,1447818563.0,
all_countries,2010-07-01,1430070213.0,
all_countries,2010-08-01,1422565248.0,
all_countries,2010-09-01,1329432692.0,
all_countries,2010-10-01,1306318981.0,
all_countries,2010-11-01,1303741405.0,
all_countries,2010-12-01,1292421594.0,
all_countries,2011-01-01,1320047730.0,14.31
all_countries,2011-02-01,1201426612.0,10.22
all_countries,2011-03-01,1106304403.0,-4.26
all_countries,2011-04-01,1285151627.0,6.56
all_countries,2011-05-01,1393923288.0,4.43
all_countries,2011-06-01,1414217212.0,-2.32
all_countries,2011-07-01,1414707617.0,-1.07
all_countries,2011-08-01,1395144692.0,-1.93
all_countries,2011-09-01,1277806119.0,-3.88
all_countries,2011-10-01,1295277471.0,-0.85
all_countries,2011-11-01,1368001039.0,4.93
all_countries,2011-12-01,1372159053.0,6.17
all_countries,2012-01-01,1491695229.0,13.0
all_countries,2012-02-01,1193598912.0,-0.65
all_countries,2012-03-01,1241496958.0,12.22
all_countries,2012-04-01,1433096437.0,11.51
all_countries,2012-05-01,1499434482.0,7.57
all_countries,2012-06-01,1464894469.0,3.58
all_countries,2012-07-01,1551850904.0,9.69
all_countries,2012-08-01,1464997556.0,5.01
all_countries,2012-09-01,1374496663.0,7.57
all_countries,2012-10-01,1434254969.0,10.73
all_countries,2012-11-01,1404872919.0,2.7
all_countries,2012-12-01,1459240652.0,6.35
all_countries,2013-01-01,1531472618.0,2.67
all_countries,2013-02-01,1400490374.0,17.33
all_countries,2013-03-01,1193364149.0,-3.88
all_countries,2013-04-01,1430578185.0,-0.18
all_countries,2013-05-01,1530626129.0,2.08
all_countries,2013-06-01,1528770950.0,4.36
all_countries,2013-07-01,1622548215.0,4.56
all_countries,2013-08-01,1562785504.0,6.67
all_countries,2013-09-01,1486333483.0,8.14
all_countries,2013-10-01,1591052631.0,10.93
all_countries,2013-11-01,1568880048.0,11.67
all_countries,2013-12-01,1624430522.0,11.32
all_countries,2014-01-01,1682541086.0,9.86
all_countries,2014-02-01,1421846626.0,1.52
all_countries,2014-03-01,1399511907.0,17.27
all_countries,2014-04-01,1590766065.0,11.2
all_countries,2014-05-01,1674324718.0,9.39
all_countries,2014-06-01,1682017084.0,10.02
all_countries,2014-07-01,1709164417.0,5.34
all_countries,2014-08-01,1675794963.0,7.23
all_countries,2014-09-01,1705969249.0,14.78
all_countries,2014-10-01,1735023873.0,9.05
all_countries,2014-11-01,1662342715.0,5.96
all_countries,2014-12-01,1711426191.0,5.36
all_countries,2015-01-01,1703315523.0,1.23
all_countries,2015-02-01,1413629465.0,-0.58
all_countries,2015-03-01,1883955110.0,34.62
all_countries,2015-04-01,1675369942.0,5.32
all_countries,2015-05-01,1852568180.0,10.65
all_countries,2015-06-01,1911688023.0,13.65
all_countries,2015-07-01,1895381134.0,10.9
all_countries,2015-08-01,1861822546.0,11.1
all_countries,2015-09-01,1853861424.0,8.67
all_countries,2015-10-01,1955060919.0,12.68
all_countries,2015-11-01,1914363828.0,15.16
all_countries,2015-12-01,1899230371.0,10.97
all_countries,2016-01-01,1870480670.0,9.81
all_countries,2016-02-01,1879499183.0,32.96
all_countries,2016-03-01,1579519511.0,-16.16
all_countries,2016-04-01,1799050998.0,7.38
all_countries,2016-05-01,2008238950.0,8.4
all_countries,2016-06-01,1964799427.0,2.78
all_countries,2016-07-01,1930789112.0,1.87
all_countries,2016-08-01,1987045167.0,6.73
all_countries,2016-09-01,1901128319.0,2.55
all_countries,2016-10-01,1943531081.0,-0.59
all_countries,2016-11-01,2009473620.0,4.97
all_countries,2016-12-01,2050893168.0,7.99
all_countries,2017-01-01,2151863175.0,15.04
all_countries,2017-02-01,1799593152.0,-4.25
all_countries,2017-03-01,1761506373.0,11.52
all_countries,2017-04-01,2092965326.0,16.34
all_countries,2017-05-01,2255047512.0,12.29
all_countries,2017-06-01,2150559383.0,9.45
all_countries,2017-07-01,2134168741.0,10.53
all_countries,2017-08-01,2103205247.0,5.85
all_countries,2017-09-01,2007364503.0,5.59
all_countries,2017-10-01,2110261433.0,8.58
all_countries,2017-11-01,2145597135.0,6.77
all_countries,2017-12-01,2169037104.0,5.76
all_countries,2018-01-01,2265574629.0,5.28
all_countries,2018-02-01,2108201334.0,17.15
all_countries,2018-03-01,1938693187.0,10.06
all_countries,2018-04-01,2063156207.0,-1.42
all_countries,2018-05-01,2318116614.0,2.8
all_countries,2018-06-01,2323890805.0,8.06
all_countries,2018-07-01,2364931649.0,10.81
all_countries,2018-08-01,2281013737.0,8.45
all_countries,2018-09-01,2143091354.0,6.76
all_countries,2018-10-01,2330984005.0,10.46
all_countries,2018-11-01,2319095427.0,8.09
all_countries,2018-12-01,2534861391.0,16.87
all_countries,2019-01-01,2245891992.0,-0.87
all_countries,2019-02-01,1934678713.0,-8.23
all_countries,2019-03-01,1808934818.0,-6.69
all_countries,2019-04-01,2009522025.0,-2.6
all_countries,2019-05-01,2347635200.0,1.27
all_countries,2019-06-01,2116312118.0,-8.93
all_countries,2019-07-01,2350936543.0,-0.59
all_countries,2019-08-01,2121952154.0,-6.97
all_countries,2019-09-01,2068563502.0,-3.48
all_countries,2019-10-01,2131256530.0,-8.57
all_countries,2019-11-01,1999905525.0,-13.76
all_countries,2019-12-01,2141955337.0,-15.5
all_countries,2020-01-01,2255246673.0,0.42
all_countries,2020-02-01,1910809172.0,-1.23
all_countries,2020-03-01,1669561948.0,-7.7
all_countries,2020-04-01,1721590119.0,-14.33
all_countries,2020-05-01,1509043895.0,-35.72
all_countries,2020-06-01,1760766322.0,-16.8
all_countries,2020-07-01,2234634372.0,-4.95
all_countries,2020-08-01,2411709832.0,13.66
all_countries,2020-09-01,2465946476.0,19.21
all_countries,2020-10-01,2519889287.0,18.23
all_countries,2020-11-01,2550897445.0,27.55
all_countries,2020-12-01,2639723462.0,23.24
all_countries,2021-01-01,2656163346.0,17.78
all_countries,2021-02-01,2260433146.0,18.3
all_countries,2021-03-01,2665624150.0,59.66
all_countries,2021-04-01,2618125532.0,52.08
all_countries,2021-05-01,2816141916.0,86.62
all_countries,2021-06-01,2788411989.0,58.36
all_countries,2021-07-01,2756502926.0,23.35
all_countries,2021-08-01,2821845953.0,17.01
all_countries,2021-09-01,2538822862.0,2.96
all_countries,2021-10-01,2368908950.0,-5.99
all_countries,2021-11-01,2340486315.0,-8.25
all_countries,2021-12-01,2658367642.0,0.71
all_countries,2022-01-01,2886935389.0,8.69
all_countries,2022-02-01,2665030668.0,17.9
all_countries,2022-03-01,3251264932.0,21.97
all_countries,2022-04-01,3115811008.0,19.01
all_countries,2022-05-01,3369736161.0,19.66
all_countries,2022-06-01,3223130021.0,15.59
all_countries,2022-07-01,2939271302.0,6.63
all_countries,2022-08-01,2938356236.0,4.13
all_countries,2022-09-01,2813323882.0,10.81
all_countries,2022-10-01,2831147435.0,19.51
all_countries,2022-11-01,2556003812.0,9.21
all_countries,2022-12-01,2453339137.0,-7.71
all_countries,2023-01-01,2612323671.0,-9.51
all_countries,2023-02-01,2149745823.0,-19.34
all_countries,2023-03-01,2094865192.0,-35.57
all_countries,2023-04-01,2238400839.0,-28.16
all_countries,2023-05-01,2396728839.0,-28.87
all_countries,2023-06-01,2355388135.0,-26.92
all_countries,2023-07-01,2339952119.0,-20.39
all_countries,2023-08-01,2370664977.0,-19.32
all_countries,2023-09-01,2235086315.0,-20.55
all_countries,2023-10-01,2446539005.0,-13.58
all_countries,2023-11-01,2345878486.0,-8.22
all_countries,2023-12-01,2309061145.0,-5.88
all_countries,2024-01-01,2352813856.0,-9.93
all_countries,2024-02-01,2369924909.0,10.24
all_countries,2024-03-01,2314710400.0,10.49
all_countries,2024-04-01,2253031370.0,0.65
all_countries,2024-05-01,2484797233.0,3.67
all_countries,2024-06-01,2433016763.0,3.3
all_countries,2024-07-01,2563632620.0,9.56
all_countries,2024-08-01,2460385374.0,3.78
all_countries,2024-09-01,2536051099.0,13.47
all_countries,2024-10-01,2595276191.0,6.08
all_countries,2024-11-01,2449968490.0,4.44
all_countries,2024-12-01,2489057472.0,7.8
all_countries,2025-01-01,2629578881.0,11.76
all_countries,2025-02-01,2341771860.0,-1.19
all_countries,2025-03-01,2363264349.0,2.1
all_countries,2025-04-01,2294308949.0,1.83
all_countries,2025-05-01,2233958462.0,-10.09
all_countries,2025-06-01,2138800468.0,-12.09
all_countries,2025-07-01,2330212145.0,-9.11
all_countries,2025-08-01,2148728776.0,-12.67
all_countries,2025-09-01,2068044241.0,-18.45
all_countries,2025-10-01,1951539473.0,-24.8
all_countries,2025-11-01,1898082231.0,-22.53
all_countries,2025-12-01,2110655350.0,-15.2
asia_selected_group,2010-01-01,809226506.0,
asia_selected_group,2010-02-01,733834658.0,
asia_selected_group,2010-03-01,714499392.0,
asia_selected_group,2010-04-01,768566023.0,
asia_selected_group,2010-05-01,890541094.0,
asia_selected_group,2010-06-01,977526114.0,
asia_selected_group,2010-07-01,963738472.0,
asia_selected_group,2010-08-01,954172786.0,
asia_selected_group,2010-09-01,902300570.0,
asia_selected_group,2010-10-01,855141198.0,
asia_selected_group,2010-11-01,862683037.0,
asia_selected_group,2010-12-01,875356264.0,
asia_selected_group,2011-01-01,919631736.0,13.64
asia_selected_group,2011-02-01,819904587.0,11.73
asia_selected_group,2011-03-01,640282834.0,-10.39
asia_selected_group,2011-04-01,832339213.0,8.3
asia_selected_group,2011-05-01,920984256.0,3.42
asia_selected_group,2011-06-01,908973752.0,-7.01
asia_selected_group,2011-07-01,918654723.0,-4.68
asia_selected_group,2011-08-01,902743222.0,-5.39
asia_selected_group,2011-09-01,823346390.0,-8.75
asia_selected_group,2011-10-01,812734411.0,-4.96
asia_selected_group,2011-11-01,896288977.0,3.9
asia_selected_group,2011-12-01,921995057.0,5.33
asia_selected_group,2012-01-01,1055054577.0,14.73
asia_selected_group,2012-02-01,778716751.0,-5.02
asia_selected_group,2012-03-01,763650203.0,19.27
asia_selected_group,2012-04-01,956145648.0,14.87
asia_selected_group,2012-05-01,1003301100.0,8.94
asia_selected_group,2012-06-01,987066541.0,8.59
asia_selected_group,2012-07-01,1046099961.0,13.87
asia_selected_group,2012-08-01,950247162.0,5.26
asia_selected_group,2012-09-01,912908810.0,10.88
asia_selected_group,2012-10-01,923569277.0,13.64
asia_selected_group,2012-11-01,918288413.0,2.45
asia_selected_group,2012-12-01,1008191729.0,9.35
asia_selected_group,2013-01-01,1076016526.0,1.99
asia_selected_group,2013-02-01,980744352.0,25.94
asia_selected_group,2013-03-01,711294637.0,-6.86
asia_selected_group,2013-04-01,912429610.0,-4.57
asia_selected_group,2013-05-01,1009977628.0,0.67
asia_selected_group,2013-06-01,998311481.0,1.14
asia_selected_group,2013-07-01,1063297599.0,1.64
asia_selected_group,2013-08-01,1004416081.0,5.7
asia_selected_group,2013-09-01,962248684.0,5.4
asia_selected_group,2013-10-01,1026490077.0,11.14
asia_selected_group,2013-11-01,1018526892.0,10.92
asia_selected_group,2013-12-01,1097613725.0,8.87
asia_selected_group,2014-01-01,1203681861.0,11.86
asia_selected_group,2014-02-01,965077049.0,-1.6
asia_selected_group,2014-03-01,839019583.0,17.96
asia_selected_group,2014-04-01,1027416596.0,12.6
asia_selected_group,2014-05-01,1091661441.0,8.09
asia_selected_group,2014-06-01,1082961409.0,8.48
asia_selected_group,2014-07-01,1094828445.0,2.97
asia_selected_group,2014-08-01,1042464166.0,3.79
asia_selected_group,2014-09-01,1096482026.0,13.95
asia_selected_group,2014-10-01,1120622708.0,9.17
asia_selected_group,2014-11-01,1078394871.0,5.88
asia_selected_group,2014-12-01,1161553465.0,5.83
asia_selected_group,2015-01-01,1170524534.0,-2.75
asia_selected_group,2015-02-01,932608524.0,-3.36
asia_selected_group,2015-03-01,1288129920.0,53.53
asia_selected_group,2015-04-01,1103941190.0,7.45
asia_selected_group,2015-05-01,1247754847.0,14.3
asia_selected_group,2015-06-01,1260032349.0,16.35
asia_selected_group,2015-07-01,1255223014.0,14.65
asia_selected_group,2015-08-01,1247805609.0,19.7
asia_selected_group,2015-09-01,1239463280.0,13.04
asia_selected_group,2015-10-01,1214073338.0,8.34
asia_selected_group,2015-11-01,1239269632.0,14.92
asia_selected_group,2015-12-01,1282756518.0,10.43
asia_selected_group,2016-01-01,1321254814.0,12.88
asia_selected_group,2016-02-01,1331143486.0,42.73
asia_selected_group,2016-03-01,928996432.0,-27.88
asia_selected_group,2016-04-01,1147602373.0,3.96
asia_selected_group,2016-05-01,1344580455.0,7.76
asia_selected_group,2016-06-01,1309630462.0,3.94
asia_selected_group,2016-07-01,1277568779.0,1.78
asia_selected_group,2016-08-01,1296312850.0,3.89
asia_selected_group,2016-09-01,1224437050.0,-1.21
asia_selected_group,2016-10-01,1244509253.0,2.51
asia_selected_group,2016-11-01,1337769133.0,7.95
asia_selected_group,2016-12-01,1440255773.0,12.28
asia_selected_group,2017-01-01,1544056413.0,16.86
asia_selected_group,2017-02-01,1248190183.0,-6.23
asia_selected_group,2017-03-01,1094762675.0,17.84
asia_selected_group,2017-04-01,1360339302.0,18.54
asia_selected_group,2017-05-01,1555796460.0,15.71
asia_selected_group,2017-06-01,1477592170.0,12.83
asia_selected_group,2017-07-01,1455289925.0,13.91
asia_selected_group,2017-08-01,1392904651.0,7.45
asia_selected_group,2017-09-01,1347477636.0,10.05
asia_selected_group,2017-10-01,1421366354.0,14.21
asia_selected_group,2017-11-01,1468171869.0,9.75
asia_selected_group,2017-12-01,1523311912.0,5.77
asia_selected_group,2018-01-01,1622703382.0,5.09
asia_selected_group,2018-02-01,1489251083.0,19.31
asia_selected_group,2018-03-01,1236959639.0,12.99
asia_selected_group,2018-04-01,1251552964.0,-8.0
asia_selected_group,2018-05-01,1560233832.0,0.29
asia_selected_group,2018-06-01,1605903976.0,8.68
asia_selected_group,2018-07-01,1612095839.0,10.77
asia_selected_group,2018-08-01,1513207884.0,8.64
asia_selected_group,2018-09-01,1454711663.0,7.96
asia_selected_group,2018-10-01,1566133921.0,10.19
asia_selected_group,2018-11-01,1582704970.0,7.8
asia_selected_group,2018-12-01,1851818586.0,21.57
asia_selected_group,2019-01-01,1537618607.0,-5.24
asia_selected_group,2019-02-01,1305163765.0,-12.36
asia_selected_group,2019-03-01,1051172794.0,-15.02
asia_selected_group,2019-04-01,1257693214.0,0.49
asia_selected_group,2019-05-01,1535914411.0,-1.56
asia_selected_group,2019-06-01,1368643613.0,-14.77
asia_selected_group,2019-07-01,1523803586.0,-5.48
asia_selected_group,2019-08-01,1306179021.0,-13.68
asia_selected_group,2019-09-01,1273188425.0,-12.48
asia_selected_group,2019-10-01,1290408437.0,-17.61
asia_selected_group,2019-11-01,1223294880.0,-22.71
asia_selected_group,2019-12-01,1362861854.0,-26.4
asia_selected_group,2020-01-01,1468355599.0,-4.5
asia_selected_group,2020-02-01,1173082507.0,-10.12
asia_selected_group,2020-03-01,875345789.0,-16.73
asia_selected_group,2020-04-01,1183596599.0,-5.89
asia_selected_group,2020-05-01,991901221.0,-35.42
asia_selected_group,2020-06-01,1085629740.0,-20.68
asia_selected_group,2020-07-01,1406340680.0,-7.71
asia_selected_group,2020-08-01,1535589846.0,17.56
asia_selected_group,2020-09-01,1610086956.0,26.46
asia_selected_group,2020-10-01,1659330986.0,28.59
asia_selected_group,2020-11-01,1691123481.0,38.24
asia_selected_group,2020-12-01,1785423436.0,31.01
asia_selected_group,2021-01-01,1806187199.0,23.01
asia_selected_group,2021-02-01,1468047996.0,25.14
asia_selected_group,2021-03-01,1710692559.0,95.43
asia_selected_group,2021-04-01,1664744942.0,40.65
asia_selected_group,2021-05-01,1821072783.0,83.59
asia_selected_group,2021-06-01,1723428959.0,58.75
asia_selected_group,2021-07-01,1717172601.0,22.1
asia_selected_group,2021-08-01,1787675379.0,16.42
asia_selected_group,2021-09-01,1481854943.0,-7.96
asia_selected_group,2021-10-01,1313916609.0,-20.82
asia_selected_group,2021-11-01,1239047375.0,-26.73
asia_selected_group,2021-12-01,1573985107.0,-11.84
asia_selected_group,2022-01-01,1821713841.0,0.86
asia_selected_group,2022-02-01,1647376902.0,12.22
asia_selected_group,2022-03-01,1986214688.0,16.11
asia_selected_group,2022-04-01,1888673865.0,13.45
asia_selected_group,2022-05-01,2071443677.0,13.75
asia_selected_group,2022-06-01,1862928375.0,8.09
asia_selected_group,2022-07-01,1678629074.0,-2.24
asia_selected_group,2022-08-01,1658857757.0,-7.21
asia_selected_group,2022-09-01,1562495701.0,5.44
asia_selected_group,2022-10-01,1540116935.0,17.22
asia_selected_group,2022-11-01,1380825612.0,11.44
asia_selected_group,2022-12-01,1360377712.0,-13.57
asia_selected_group,2023-01-01,1442558255.0,-20.81
asia_selected_group,2023-02-01,1138915889.0,-30.86
asia_selected_group,2023-03-01,961913161.0,-51.57
asia_selected_group,2023-04-01,1210786287.0,-35.89
asia_selected_group,2023-05-01,1286833487.0,-37.88
asia_selected_group,2023-06-01,1239793975.0,-33.45
asia_selected_group,2023-07-01,1215938668.0,-27.56
asia_selected_group,2023-08-01,1244464727.0,-24.98
asia_selected_group,2023-09-01,1178486581.0,-24.58
asia_selected_group,2023-10-01,1305248824.0,-15.25
asia_selected_group,2023-11-01,1264292430.0,-8.44
asia_selected_group,2023-12-01,1321306242.0,-2.87
asia_selected_group,2024-01-01,1359140770.0,-5.78
asia_selected_group,2024-02-01,1405269502.0,23.39
asia_selected_group,2024-03-01,1219710604.0,26.8
asia_selected_group,2024-04-01,1182557856.0,-2.33
asia_selected_group,2024-05-01,1394705995.0,8.38
asia_selected_group,2024-06-01,1334156864.0,7.61
asia_selected_group,2024-07-01,1411665975.0,16.1
asia_selected_group,2024-08-01,1329174978.0,6.81
asia_selected_group,2024-09-01,1433027446.0,21.6
asia_selected_group,2024-10-01,1449630671.0,11.06
asia_selected_group,2024-11-01,1385383101.0,9.58
asia_selected_group,2024-12-01,1473473607.0,11.52
asia_selected_group,2025-01-01,1539726616.0,13.29
asia_selected_group,2025-02-01,1371842959.0,-2.38
asia_selected_group,2025-03-01,1286823503.0,5.5
asia_selected_group,2025-04-01,1296980058.0,9.68
asia_selected_group,2025-05-01,1180818136.0,-15.34
asia_selected_group,2025-06-01,1101145399.0,-17.47
asia_selected_group,2025-07-01,1239509117.0,-12.2
asia_selected_group,2025-08-01,1165568177.0,-12.31
asia_selected_group,2025-09-01,1066077103.0,-25.61
asia_selected_group,2025-10-01,999484706.0,-31.05
asia_selected_group,2025-11-01,1016481748.0,-26.63
asia_selected_group,2025-12-01,1189549027.0,-19.27
control_canada_mexico,2010-01-01,158858508.0,
control_canada_mexico,2010-02-01,173251869.0,
control_canada_mexico,2010-03-01,205601907.0,
control_canada_mexico,2010-04-01,199564299.0,
control_canada_mexico,2010-05-01,201209319.0,
control_canada_mexico,2010-06-01,208353146.0,
control_canada_mexico,2010-07-01,211800523.0,
control_canada_mexico,2010-08-01,214625282.0,
control_canada_mexico,2010-09-01,205498119.0,
control_canada_mexico,2010-10-01,219319024.0,
control_canada_mexico,2010-11-01,197458690.0,
control_canada_mexico,2010-12-01,184759451.0,
control_canada_mexico,2011-01-01,174536988.0,9.87
control_canada_mexico,2011-02-01,184978421.0,6.77
control_canada_mexico,2011-03-01,214530989.0,4.34
control_canada_mexico,2011-04-01,199036839.0,-0.26
control_canada_mexico,2011-05-01,209578426.0,4.16
control_canada_mexico,2011-06-01,213051287.0,2.25
control_canada_mexico,2011-07-01,217583410.0,2.73
control_canada_mexico,2011-08-01,224626319.0,4.66
control_canada_mexico,2011-09-01,220645949.0,7.37
control_canada_mexico,2011-10-01,233748877.0,6.58
control_canada_mexico,2011-11-01,210517456.0,6.61
control_canada_mexico,2011-12-01,193539756.0,4.75
control_canada_mexico,2012-01-01,190822319.0,9.33
control_canada_mexico,2012-02-01,198216304.0,7.16
control_canada_mexico,2012-03-01,216260698.0,0.81
control_canada_mexico,2012-04-01,214580762.0,7.81
control_canada_mexico,2012-05-01,232553606.0,10.96
control_canada_mexico,2012-06-01,224813690.0,5.52
control_canada_mexico,2012-07-01,234619096.0,7.83
control_canada_mexico,2012-08-01,235110651.0,4.67
control_canada_mexico,2012-09-01,224370625.0,1.69
control_canada_mexico,2012-10-01,243922602.0,4.35
control_canada_mexico,2012-11-01,215960021.0,2.59
control_canada_mexico,2012-12-01,192533962.0,-0.52
control_canada_mexico,2013-01-01,196534291.0,2.99
control_canada_mexico,2013-02-01,191216202.0,-3.53
control_canada_mexico,2013-03-01,214729294.0,-0.71
control_canada_mexico,2013-04-01,225329689.0,5.01
control_canada_mexico,2013-05-01,227153526.0,-2.32
control_canada_mexico,2013-06-01,240831094.0,7.12
control_canada_mexico,2013-07-01,239871795.0,2.24
control_canada_mexico,2013-08-01,243342867.0,3.5
control_canada_mexico,2013-09-01,245149194.0,9.26
control_canada_mexico,2013-10-01,254369045.0,4.28
control_canada_mexico,2013-11-01,229924036.0,6.47
control_canada_mexico,2013-12-01,219786045.0,14.15
control_canada_mexico,2014-01-01,201734819.0,2.65
control_canada_mexico,2014-02-01,217755843.0,13.88
control_canada_mexico,2014-03-01,247077403.0,15.06
control_canada_mexico,2014-04-01,241752914.0,7.29
control_canada_mexico,2014-05-01,247373461.0,8.9
control_canada_mexico,2014-06-01,252954390.0,5.03
control_canada_mexico,2014-07-01,261722076.0,9.11
control_canada_mexico,2014-08-01,258851509.0,6.37
control_canada_mexico,2014-09-01,269132825.0,9.78
control_canada_mexico,2014-10-01,276772066.0,8.81
control_canada_mexico,2014-11-01,247577433.0,7.68
control_canada_mexico,2014-12-01,239259074.0,8.86
control_canada_mexico,2015-01-01,226722116.0,12.39
control_canada_mexico,2015-02-01,229817935.0,5.54
control_canada_mexico,2015-03-01,250793898.0,1.5
control_canada_mexico,2015-04-01,243422420.0,0.69
control_canada_mexico,2015-05-01,255045352.0,3.1
control_canada_mexico,2015-06-01,287943385.0,13.83
control_canada_mexico,2015-07-01,276488779.0,5.64
control_canada_mexico,2015-08-01,273637251.0,5.71
control_canada_mexico,2015-09-01,275260514.0,2.28
control_canada_mexico,2015-10-01,345040052.0,24.67
control_canada_mexico,2015-11-01,308486865.0,24.6
control_canada_mexico,2015-12-01,268440593.0,12.2
control_canada_mexico,2016-01-01,252894401.0,11.54
control_canada_mexico,2016-02-01,256131428.0,11.45
control_canada_mexico,2016-03-01,285870873.0,13.99
control_canada_mexico,2016-04-01,295055447.0,21.21
control_canada_mexico,2016-05-01,310024217.0,21.56
control_canada_mexico,2016-06-01,300594777.0,4.39
control_canada_mexico,2016-07-01,300854241.0,8.81
control_canada_mexico,2016-08-01,304833094.0,11.4
control_canada_mexico,2016-09-01,316678371.0,15.05
control_canada_mexico,2016-10-01,322206493.0,-6.62
control_canada_mexico,2016-11-01,296202969.0,-3.98
control_canada_mexico,2016-12-01,258335419.0,-3.76
control_canada_mexico,2017-01-01,268906225.0,6.33
control_canada_mexico,2017-02-01,253622577.0,-0.98
control_canada_mexico,2017-03-01,296508772.0,3.72
control_canada_mexico,2017-04-01,345356705.0,17.05
control_canada_mexico,2017-05-01,319456319.0,3.04
control_canada_mexico,2017-06-01,279319572.0,-7.08
control_canada_mexico,2017-07-01,294130562.0,-2.23
control_canada_mexico,2017-08-01,293854457.0,-3.6
control_canada_mexico,2017-09-01,289032408.0,-8.73
control_canada_mexico,2017-10-01,299532740.0,-7.04
control_canada_mexico,2017-11-01,285260448.0,-3.69
control_canada_mexico,2017-12-01,252156284.0,-2.39
control_canada_mexico,2018-01-01,264105765.0,-1.79
control_canada_mexico,2018-02-01,265287631.0,4.6
control_canada_mexico,2018-03-01,298413090.0,0.64
control_canada_mexico,2018-04-01,338494316.0,-1.99
control_canada_mexico,2018-05-01,306452277.0,-4.07
control_canada_mexico,2018-06-01,296252400.0,6.06
control_canada_mexico,2018-07-01,319547931.0,8.64
control_canada_mexico,2018-08-01,314668167.0,7.08
control_canada_mexico,2018-09-01,312473246.0,8.11
control_canada_mexico,2018-10-01,333636368.0,11.39
control_canada_mexico,2018-11-01,319913837.0,12.15
control_canada_mexico,2018-12-01,287034253.0,13.83
control_canada_mexico,2019-01-01,293703493.0,11.21
control_canada_mexico,2019-02-01,288945016.0,8.92
control_canada_mexico,2019-03-01,325708076.0,9.15
control_canada_mexico,2019-04-01,318277177.0,-5.97
control_canada_mexico,2019-05-01,351868636.0,14.82
control_canada_mexico,2019-06-01,336191203.0,13.48
control_canada_mexico,2019-07-01,347719752.0,8.82
control_canada_mexico,2019-08-01,349296356.0,11.0
control_canada_mexico,2019-09-01,353170294.0,13.02
control_canada_mexico,2019-10-01,363175413.0,8.85
control_canada_mexico,2019-11-01,318481914.0,-0.45
control_canada_mexico,2019-12-01,316285084.0,10.19
control_canada_mexico,2020-01-01,322055731.0,9.65
control_canada_mexico,2020-02-01,329178499.0,13.92
control_canada_mexico,2020-03-01,309844111.0,-4.87
control_canada_mexico,2020-04-01,188169006.0,-40.88
control_canada_mexico,2020-05-01,248693328.0,-29.32
control_canada_mexico,2020-06-01,306964579.0,-8.69
control_canada_mexico,2020-07-01,334032019.0,-3.94
control_canada_mexico,2020-08-01,331452724.0,-5.11
control_canada_mexico,2020-09-01,329631402.0,-6.67
control_canada_mexico,2020-10-01,320809003.0,-11.67
control_canada_mexico,2020-11-01,314754886.0,-1.17
control_canada_mexico,2020-12-01,304457016.0,-3.74
control_canada_mexico,2021-01-01,307286127.0,-4.59
control_canada_mexico,2021-02-01,310949376.0,-5.54
control_canada_mexico,2021-03-01,358892059.0,15.83
control_canada_mexico,2021-04-01,341465821.0,81.47
control_canada_mexico,2021-05-01,363757720.0,46.27
control_canada_mexico,2021-06-01,385963394.0,25.74
control_canada_mexico,2021-07-01,383970920.0,14.95
control_canada_mexico,2021-08-01,387814013.0,17.0
control_canada_mexico,2021-09-01,404987176.0,22.86
control_canada_mexico,2021-10-01,419268067.0,30.69
control_canada_mexico,2021-11-01,426168818.0,35.4
control_canada_mexico,2021-12-01,394256877.0,29.5
control_canada_mexico,2022-01-01,413817812.0,34.67
control_canada_mexico,2022-02-01,403594741.0,29.79
control_canada_mexico,2022-03-01,488727759.0,36.18
control_canada_mexico,2022-04-01,463117633.0,35.63
control_canada_mexico,2022-05-01,503758135.0,38.49
control_canada_mexico,2022-06-01,494687411.0,28.17
control_canada_mexico,2022-07-01,465665117.0,21.28
control_canada_mexico,2022-08-01,461715591.0,19.06
control_canada_mexico,2022-09-01,464569236.0,14.71
control_canada_mexico,2022-10-01,488334328.0,16.47
control_canada_mexico,2022-11-01,470157596.0,10.32
control_canada_mexico,2022-12-01,418411916.0,6.13
control_canada_mexico,2023-01-01,471321393.0,13.9
control_canada_mexico,2023-02-01,437850414.0,8.49
control_canada_mexico,2023-03-01,473360978.0,-3.14
control_canada_mexico,2023-04-01,422953875.0,-8.67
control_canada_mexico,2023-05-01,459312646.0,-8.82
control_canada_mexico,2023-06-01,461333389.0,-6.74
control_canada_mexico,2023-07-01,458042359.0,-1.64
control_canada_mexico,2023-08-01,444601454.0,-3.71
control_canada_mexico,2023-09-01,448678825.0,-3.42
control_canada_mexico,2023-10-01,494614917.0,1.29
control_canada_mexico,2023-11-01,450091525.0,-4.27
control_canada_mexico,2023-12-01,384762525.0,-8.04
control_canada_mexico,2024-01-01,373789079.0,-20.69
control_canada_mexico,2024-02-01,395817089.0,-9.6
control_canada_mexico,2024-03-01,436511685.0,-7.78
control_canada_mexico,2024-04-01,428447873.0,1.3
control_canada_mexico,2024-05-01,444470934.0,-3.23
control_canada_mexico,2024-06-01,461211958.0,-0.03
control_canada_mexico,2024-07-01,466152142.0,1.77
control_canada_mexico,2024-08-01,430411463.0,-3.19
control_canada_mexico,2024-09-01,436061622.0,-2.81
control_canada_mexico,2024-10-01,464250683.0,-6.14
control_canada_mexico,2024-11-01,406052019.0,-9.78
control_canada_mexico,2024-12-01,373948410.0,-2.81
control_canada_mexico,2025-01-01,413453647.0,10.61
control_canada_mexico,2025-02-01,392306270.0,-0.89
control_canada_mexico,2025-03-01,413283249.0,-5.32
control_canada_mexico,2025-04-01,332563567.0,-22.38
control_canada_mexico,2025-05-01,355844240.0,-19.94
control_canada_mexico,2025-06-01,370822091.0,-19.6
control_canada_mexico,2025-07-01,396337337.0,-14.98
control_canada_mexico,2025-08-01,336075556.0,-21.92
control_canada_mexico,2025-09-01,356833938.0,-18.17
control_canada_mexico,2025-10-01,367385847.0,-20.86
control_canada_mexico,2025-11-01,325529890.0,-19.83
control_canada_mexico,2025-12-01,297901986.0,-20.34
country:China,2010-01-01,572877944.0,
country:China,2010-02-01,506559633.0,
country:China,2010-03-01,509156683.0,
country:China,2010-04-01,543255288.0,
country:China,2010-05-01,637861755.0,
country:China,2010-06-01,710865601.0,
country:China,2010-07-01,687760127.0,
country:China,2010-08-01,670179375.0,
country:China,2010-09-01,615796241.0,
country:China,2010-10-01,578344973.0,
country:China,2010-11-01,590799415.0,
country:China,2010-12-01,621839336.0,
country:China,2011-01-01,659948171.0,15.2
country:China,2011-02-01,590583807.0,16.59
country:China,2011-03-01,449940489.0,-11.63
country:China,2011-04-01,601524564.0,10.73
country:China,2011-05-01,652688835.0,2.32
country:China,2011-06-01,646168713.0,-9.1
country:China,2011-07-01,644261006.0,-6.32
country:China,2011-08-01,622398183.0,-7.13
country:China,2011-09-01,569931957.0,-7.45
country:China,2011-10-01,550139268.0,-4.88
country:China,2011-11-01,611478619.0,3.5
country:China,2011-12-01,647853300.0,4.18
country:China,2012-01-01,737513829.0,11.75
country:China,2012-02-01,518429229.0,-12.22
country:China,2012-03-01,521424239.0,15.89
country:China,2012-04-01,664272727.0,10.43
country:China,2012-05-01,699225947.0,7.13
country:China,2012-06-01,689963348.0,6.78
country:China,2012-07-01,709897724.0,10.19
country:China,2012-08-01,636350876.0,2.24
country:China,2012-09-01,622722199.0,9.26
country:China,2012-10-01,627450700.0,14.05
country:China,2012-11-01,613663534.0,0.36
country:China,2012-12-01,681475681.0,5.19
country:China,2013-01-01,740608868.0,0.42
country:China,2013-02-01,691147177.0,33.32
country:China,2013-03-01,462157350.0,-11.37
country:China,2013-04-01,631134877.0,-4.99
country:China,2013-05-01,697705170.0,-0.22
country:China,2013-06-01,705465814.0,2.25
country:China,2013-07-01,723665092.0,1.94
country:China,2013-08-01,672871691.0,5.74
country:China,2013-09-01,653992192.0,5.02
country:China,2013-10-01,679410094.0,8.28
country:China,2013-11-01,671095763.0,9.36
country:China,2013-12-01,746432199.0,9.53
country:China,2014-01-01,829199586.0,11.96
country:China,2014-02-01,657128082.0,-4.92
country:China,2014-03-01,541335044.0,17.13
country:China,2014-04-01,687808937.0,8.98
country:China,2014-05-01,745612762.0,6.87
country:China,2014-06-01,754784066.0,6.99
country:China,2014-07-01,731456772.0,1.08
country:China,2014-08-01,672886042.0,0.0
country:China,2014-09-01,718440294.0,9.85
country:China,2014-10-01,740015614.0,8.92
country:China,2014-11-01,701283275.0,4.5
country:China,2014-12-01,785997337.0,5.3
country:China,2015-01-01,803903852.0,-3.05
country:China,2015-02-01,643536462.0,-2.07
country:China,2015-03-01,853974017.0,57.75
country:China,2015-04-01,688767115.0,0.14
country:China,2015-05-01,844806518.0,13.3
country:China,2015-06-01,840394588.0,11.34
country:China,2015-07-01,812892095.0,11.13
country:China,2015-08-01,801734102.0,19.15
country:China,2015-09-01,804094919.0,11.92
country:China,2015-10-01,789241398.0,6.65
country:China,2015-11-01,811259114.0,15.68
country:China,2015-12-01,860086053.0,9.43
country:China,2016-01-01,896129656.0,11.47
country:China,2016-02-01,890352209.0,38.35
country:China,2016-03-01,579458264.0,-32.15
country:China,2016-04-01,753504989.0,9.4
country:China,2016-05-01,905120867.0,7.14
country:China,2016-06-01,880220869.0,4.74
country:China,2016-07-01,856127885.0,5.32
country:China,2016-08-01,884823455.0,10.36
country:China,2016-09-01,826607863.0,2.8
country:China,2016-10-01,836891709.0,6.04
country:China,2016-11-01,876173581.0,8.0
country:China,2016-12-01,982635226.0,14.25
country:China,2017-01-01,1056695474.0,17.92
country:China,2017-02-01,835748625.0,-6.13
country:China,2017-03-01,685762246.0,18.35
country:China,2017-04-01,931095866.0,23.57
country:China,2017-05-01,1051996795.0,16.23
country:China,2017-06-01,1009921736.0,14.74
country:China,2017-07-01,982980115.0,14.82
country:China,2017-08-01,940077846.0,6.24
country:China,2017-09-01,904597754.0,9.43
country:China,2017-10-01,936920298.0,11.95
country:China,2017-11-01,960355726.0,9.61
country:China,2017-12-01,1036323178.0,5.46
country:China,2018-01-01,1110067840.0,5.05
country:China,2018-02-01,1035064404.0,23.85
country:China,2018-03-01,811677027.0,18.36
country:China,2018-04-01,831867519.0,-10.66
country:China,2018-05-01,1070270858.0,1.74
country:China,2018-06-01,1151623587.0,14.03
country:China,2018-07-01,1097260098.0,11.63
country:China,2018-08-01,1019907106.0,8.49
country:China,2018-09-01,988221270.0,9.24
country:China,2018-10-01,1023580361.0,9.25
country:China,2018-11-01,1040924914.0,8.39
country:China,2018-12-01,1309437587.0,26.35
country:China,2019-01-01,949360298.0,-14.48
country:China,2019-02-01,783707551.0,-24.28
country:China,2019-03-01,583351608.0,-28.13
country:China,2019-04-01,735933091.0,-11.53
country:China,2019-05-01,936890327.0,-12.46
country:China,2019-06-01,829471556.0,-27.97
country:China,2019-07-01,894386714.0,-18.49
country:China,2019-08-01,683914345.0,-32.94
country:China,2019-09-01,644097062.0,-34.82
country:China,2019-10-01,573133596.0,-44.01
country:China,2019-11-01,537875023.0,-48.33
country:China,2019-12-01,615465560.0,-53.0
country:China,2020-01-01,674930261.0,-28.91
country:China,2020-02-01,482979095.0,-38.37
country:China,2020-03-01,231738096.0,-60.27
country:China,2020-04-01,478826178.0,-34.94
country:China,2020-05-01,527031082.0,-43.75
country:China,2020-06-01,550819220.0,-33.59
country:China,2020-07-01,609590041.0,-31.84
country:China,2020-08-01,634101473.0,-7.28
country:China,2020-09-01,631913881.0,-1.89
country:China,2020-10-01,678570798.0,18.4
country:China,2020-11-01,681539853.0,26.71
country:China,2020-12-01,738779983.0,20.04
country:China,2021-01-01,718634879.0,6.48
country:China,2021-02-01,605175242.0,25.3
country:China,2021-03-01,655643942.0,182.92
country:China,2021-04-01,632097362.0,32.01
country:China,2021-05-01,695013130.0,31.87
country:China,2021-06-01,650143824.0,18.03
country:China,2021-07-01,623458114.0,2.27
country:China,2021-08-01,699628938.0,10.33
country:China,2021-09-01,686470265.0,8.63
country:China,2021-10-01,684542315.0,0.88
country:China,2021-11-01,687259966.0,0.84
country:China,2021-12-01,776030714.0,5.04
country:China,2022-01-01,847417675.0,17.92
country:China,2022-02-01,750863462.0,24.07
country:China,2022-03-01,745237750.0,13.67
country:China,2022-04-01,728924398.0,15.32
country:China,2022-05-01,758036625.0,9.07
country:China,2022-06-01,676923343.0,4.12
country:China,2022-07-01,624391073.0,0.15
country:China,2022-08-01,621411671.0,-11.18
country:China,2022-09-01,551712406.0,-19.63
country:China,2022-10-01,517844812.0,-24.35
country:China,2022-11-01,495814168.0,-27.86
country:China,2022-12-01,515628728.0,-33.56
country:China,2023-01-01,552716541.0,-34.78
country:China,2023-02-01,463657760.0,-38.25
country:China,2023-03-01,369187147.0,-50.46
country:China,2023-04-01,479536851.0,-34.21
country:China,2023-05-01,490803390.0,-35.25
country:China,2023-06-01,455458277.0,-32.72
country:China,2023-07-01,459292961.0,-26.44
country:China,2023-08-01,440975683.0,-29.04
country:China,2023-09-01,424609608.0,-23.04
country:China,2023-10-01,481836115.0,-6.95
country:China,2023-11-01,464796387.0,-6.26
country:China,2023-12-01,518259340.0,0.51
country:China,2024-01-01,581967269.0,5.29
country:China,2024-02-01,522462067.0,12.68
country:China,2024-03-01,431671370.0,16.92
country:China,2024-04-01,436799460.0,-8.91
country:China,2024-05-01,502682127.0,2.42
country:China,2024-06-01,498135710.0,9.37
country:China,2024-07-01,522103565.0,13.68
country:China,2024-08-01,465985702.0,5.67
country:China,2024-09-01,434650685.0,2.36
country:China,2024-10-01,418757442.0,-13.09
country:China,2024-11-01,424836020.0,-8.6
country:China,2024-12-01,494782991.0,-4.53
country:China,2025-01-01,539451944.0,-7.31
country:China,2025-02-01,458367915.0,-12.27
country:China,2025-03-01,402061593.0,-6.86
country:China,2025-04-01,383889224.0,-12.11
country:China,2025-05-01,305790366.0,-39.17
country:China,2025-06-01,231747436.0,-53.48
country:China,2025-07-01,328298564.0,-37.12
country:China,2025-08-01,298427636.0,-35.96
country:China,2025-09-01,257260943.0,-40.81
country:China,2025-10-01,256489630.0,-38.75
country:China,2025-11-01,240748835.0,-43.33
country:China,2025-12-01,289035779.0,-41.58
country:Vietnam,2010-01-01,114132110.0,
country:Vietnam,2010-02-01,114593716.0,
country:Vietnam,2010-03-01,88038448.0,
country:Vietnam,2010-04-01,102511698.0,
country:Vietnam,2010-05-01,116201406.0,
country:Vietnam,2010-06-01,122265345.0,
country:Vietnam,2010-07-01,132365986.0,
country:Vietnam,2010-08-01,139542756.0,
country:Vietnam,2010-09-01,150758340.0,
country:Vietnam,2010-10-01,154312478.0,
country:Vietnam,2010-11-01,136367482.0,
country:Vietnam,2010-12-01,132189516.0,
country:Vietnam,2011-01-01,129164238.0,13.17
country:Vietnam,2011-02-01,118199051.0,3.15
country:Vietnam,2011-03-01,74820418.0,-15.01
country:Vietnam,2011-04-01,105796030.0,3.2
country:Vietnam,2011-05-01,130740185.0,12.51
country:Vietnam,2011-06-01,126181053.0,3.2
country:Vietnam,2011-07-01,132514525.0,0.11
country:Vietnam,2011-08-01,138445241.0,-0.79
country:Vietnam,2011-09-01,128523948.0,-14.75
country:Vietnam,2011-10-01,141994403.0,-7.98
country:Vietnam,2011-11-01,145438696.0,6.65
country:Vietnam,2011-12-01,141466831.0,7.02
country:Vietnam,2012-01-01,162161237.0,25.55
country:Vietnam,2012-02-01,133672891.0,13.09
country:Vietnam,2012-03-01,104860203.0,40.15
country:Vietnam,2012-04-01,144290456.0,36.39
country:Vietnam,2012-05-01,158860144.0,21.51
country:Vietnam,2012-06-01,156505066.0,24.03
country:Vietnam,2012-07-01,173614878.0,31.02
country:Vietnam,2012-08-01,166807300.0,20.49
country:Vietnam,2012-09-01,156759719.0,21.97
country:Vietnam,2012-10-01,156777590.0,10.41
country:Vietnam,2012-11-01,163185964.0,12.2
country:Vietnam,2012-12-01,175010510.0,23.71
country:Vietnam,2013-01-01,178435113.0,10.04
country:Vietnam,2013-02-01,154105211.0,15.29
country:Vietnam,2013-03-01,116216720.0,10.83
country:Vietnam,2013-04-01,142557105.0,-1.2
country:Vietnam,2013-05-01,166247686.0,4.65
country:Vietnam,2013-06-01,162756669.0,3.99
country:Vietnam,2013-07-01,190160677.0,9.53
country:Vietnam,2013-08-01,184561468.0,10.64
country:Vietnam,2013-09-01,183016191.0,16.75
country:Vietnam,2013-10-01,192963120.0,23.08
country:Vietnam,2013-11-01,194431422.0,19.15
country:Vietnam,2013-12-01,202372547.0,15.63
country:Vietnam,2014-01-01,209937026.0,17.65
country:Vietnam,2014-02-01,170196521.0,10.44
country:Vietnam,2014-03-01,148459506.0,27.74
country:Vietnam,2014-04-01,181316495.0,27.19
country:Vietnam,2014-05-01,194703119.0,17.12
country:Vietnam,2014-06-01,177470312.0,9.04
country:Vietnam,2014-07-01,203950388.0,7.25
country:Vietnam,2014-08-01,214262857.0,16.09
country:Vietnam,2014-09-01,224708086.0,22.78
country:Vietnam,2014-10-01,222307668.0,15.21
country:Vietnam,2014-11-01,230520621.0,18.56
country:Vietnam,2014-12-01,224898583.0,11.13
country:Vietnam,2015-01-01,217348389.0,3.53
country:Vietnam,2015-02-01,163412410.0,-3.99
country:Vietnam,2015-03-01,239655999.0,61.43
country:Vietnam,2015-04-01,227501372.0,25.47
country:Vietnam,2015-05-01,232075755.0,19.19
country:Vietnam,2015-06-01,242828661.0,36.83
country:Vietnam,2015-07-01,253976219.0,24.53
country:Vietnam,2015-08-01,272673245.0,27.26
country:Vietnam,2015-09-01,265989809.0,18.37
country:Vietnam,2015-10-01,255417458.0,14.89
country:Vietnam,2015-11-01,262014493.0,13.66
country:Vietnam,2015-12-01,251622463.0,11.88
country:Vietnam,2016-01-01,259983695.0,19.62
country:Vietnam,2016-02-01,269574371.0,64.97
country:Vietnam,2016-03-01,178129063.0,-25.67
country:Vietnam,2016-04-01,231463224.0,1.74
country:Vietnam,2016-05-01,259674926.0,11.89
country:Vietnam,2016-06-01,252291274.0,3.9
country:Vietnam,2016-07-01,252853467.0,-0.44
country:Vietnam,2016-08-01,251548290.0,-7.75
country:Vietnam,2016-09-01,250239503.0,-5.92
country:Vietnam,2016-10-01,253217061.0,-0.86
country:Vietnam,2016-11-01,282207398.0,7.71
country:Vietnam,2016-12-01,284467982.0,13.05
country:Vietnam,2017-01-01,310012787.0,19.24
country:Vietnam,2017-02-01,254323089.0,-5.66
country:Vietnam,2017-03-01,224305861.0,25.92
country:Vietnam,2017-04-01,261833070.0,13.12
country:Vietnam,2017-05-01,310113586.0,19.42
country:Vietnam,2017-06-01,284234108.0,12.66
country:Vietnam,2017-07-01,291423396.0,15.25
country:Vietnam,2017-08-01,272043753.0,8.15
country:Vietnam,2017-09-01,267912821.0,7.06
country:Vietnam,2017-10-01,291689106.0,15.19
country:Vietnam,2017-11-01,306706761.0,8.68
country:Vietnam,2017-12-01,298721889.0,5.01
country:Vietnam,2018-01-01,310343898.0,0.11
country:Vietnam,2018-02-01,280642124.0,10.35
country:Vietnam,2018-03-01,237892496.0,6.06
country:Vietnam,2018-04-01,241881923.0,-7.62
country:Vietnam,2018-05-01,297574053.0,-4.04
country:Vietnam,2018-06-01,278060607.0,-2.17
country:Vietnam,2018-07-01,324525245.0,11.36
country:Vietnam,2018-08-01,309712877.0,13.85
country:Vietnam,2018-09-01,288876256.0,7.82
country:Vietnam,2018-10-01,335810001.0,15.13
country:Vietnam,2018-11-01,340090070.0,10.88
country:Vietnam,2018-12-01,341068856.0,14.18
country:Vietnam,2019-01-01,381539098.0,22.94
country:Vietnam,2019-02-01,332363517.0,18.43
country:Vietnam,2019-03-01,268642713.0,12.93
country:Vietnam,2019-04-01,322677432.0,33.4
country:Vietnam,2019-05-01,374135589.0,25.73
country:Vietnam,2019-06-01,335366291.0,20.61
country:Vietnam,2019-07-01,404727456.0,24.71
country:Vietnam,2019-08-01,395532817.0,27.71
country:Vietnam,2019-09-01,386698067.0,33.86
country:Vietnam,2019-10-01,454051459.0,35.21
country:Vietnam,2019-11-01,428264247.0,25.93
country:Vietnam,2019-12-01,470611504.0,37.98
country:Vietnam,2020-01-01,493337567.0,29.3
country:Vietnam,2020-02-01,428266284.0,28.85
country:Vietnam,2020-03-01,357649543.0,33.13
country:Vietnam,2020-04-01,445213462.0,37.97
country:Vietnam,2020-05-01,310742374.0,-16.94
country:Vietnam,2020-06-01,352215827.0,5.02
country:Vietnam,2020-07-01,524728040.0,29.65
country:Vietnam,2020-08-01,573890217.0,45.09
country:Vietnam,2020-09-01,618855866.0,60.04
country:Vietnam,2020-10-01,626981310.0,38.09
country:Vietnam,2020-11-01,655646783.0,53.09
country:Vietnam,2020-12-01,667894230.0,41.92
country:Vietnam,2021-01-01,705651892.0,43.04
country:Vietnam,2021-02-01,562089979.0,31.25
country:Vietnam,2021-03-01,691662124.0,93.39
country:Vietnam,2021-04-01,645557725.0,45.0
country:Vietnam,2021-05-01,728988928.0,134.6
country:Vietnam,2021-06-01,710581365.0,101.75
country:Vietnam,2021-07-01,764233103.0,45.64
country:Vietnam,2021-08-01,796258193.0,38.75
country:Vietnam,2021-09-01,519809521.0,-16.0
country:Vietnam,2021-10-01,324237600.0,-48.29
country:Vietnam,2021-11-01,245299359.0,-62.59
country:Vietnam,2021-12-01,428512288.0,-35.84
country:Vietnam,2022-01-01,581488357.0,-17.6
country:Vietnam,2022-02-01,556490841.0,-1.0
country:Vietnam,2022-03-01,776053358.0,12.2
country:Vietnam,2022-04-01,721479508.0,11.76
country:Vietnam,2022-05-01,882421473.0,21.05
country:Vietnam,2022-06-01,824849695.0,16.08
country:Vietnam,2022-07-01,726762722.0,-4.9
country:Vietnam,2022-08-01,702165458.0,-11.82
country:Vietnam,2022-09-01,678744737.0,30.58
country:Vietnam,2022-10-01,683978816.0,110.95
country:Vietnam,2022-11-01,572724836.0,133.48
country:Vietnam,2022-12-01,567414230.0,32.41
country:Vietnam,2023-01-01,600307132.0,3.24
country:Vietnam,2023-02-01,445524785.0,-19.94
country:Vietnam,2023-03-01,337033312.0,-56.57
country:Vietnam,2023-04-01,485860382.0,-32.66
country:Vietnam,2023-05-01,544444169.0,-38.3
country:Vietnam,2023-06-01,539545829.0,-34.59
country:Vietnam,2023-07-01,509822715.0,-29.85
country:Vietnam,2023-08-01,538559508.0,-23.3
country:Vietnam,2023-09-01,503501380.0,-25.82
country:Vietnam,2023-10-01,543534258.0,-20.53
country:Vietnam,2023-11-01,544514436.0,-4.93
country:Vietnam,2023-12-01,554540904.0,-2.27
country:Vietnam,2024-01-01,527635191.0,-12.11
country:Vietnam,2024-02-01,620607289.0,39.3
country:Vietnam,2024-03-01,536286553.0,59.12
country:Vietnam,2024-04-01,480267591.0,-1.15
country:Vietnam,2024-05-01,636245331.0,16.86
country:Vietnam,2024-06-01,600284108.0,11.26
country:Vietnam,2024-07-01,636280297.0,24.8
country:Vietnam,2024-08-01,617057287.0,14.58
country:Vietnam,2024-09-01,718083075.0,42.62
country:Vietnam,2024-10-01,721485554.0,32.74
country:Vietnam,2024-11-01,664336008.0,22.01
country:Vietnam,2024-12-01,682319574.0,23.04
country:Vietnam,2025-01-01,710123697.0,34.59
country:Vietnam,2025-02-01,667226977.0,7.51
country:Vietnam,2025-03-01,595213666.0,10.99
country:Vietnam,2025-04-01,625497908.0,30.24
country:Vietnam,2025-05-01,623382525.0,-2.02
country:Vietnam,2025-06-01,623172419.0,3.81
country:Vietnam,2025-07-01,634324426.0,-0.31
country:Vietnam,2025-08-01,605123968.0,-1.93
country:Vietnam,2025-09-01,559921206.0,-22.03
country:Vietnam,2025-10-01,525718137.0,-27.13
country:Vietnam,2025-11-01,558388609.0,-15.95
country:Vietnam,2025-12-01,661953122.0,-2.98
country:Malaysia,2010-01-01,46897034.0,
country:Malaysia,2010-02-01,43658201.0,
country:Malaysia,2010-03-01,44428939.0,
country:Malaysia,2010-04-01,45742562.0,
country:Malaysia,2010-05-01,50430047.0,
country:Malaysia,2010-06-01,53331183.0,
country:Malaysia,2010-07-01,54284586.0,
country:Malaysia,2010-08-01,54485939.0,
country:Malaysia,2010-09-01,49009616.0,
country:Malaysia,2010-10-01,44322388.0,
country:Malaysia,2010-11-01,50323002.0,
country:Malaysia,2010-12-01,41807625.0,
country:Malaysia,2011-01-01,47728599.0,1.77
country:Malaysia,2011-02-01,39014332.0,-10.64
country:Malaysia,2011-03-01,38183013.0,-14.06
country:Malaysia,2011-04-01,41755862.0,-8.72
country:Malaysia,2011-05-01,49458555.0,-1.93
country:Malaysia,2011-06-01,46278414.0,-13.22
country:Malaysia,2011-07-01,52166357.0,-3.9
country:Malaysia,2011-08-01,49770670.0,-8.65
country:Malaysia,2011-09-01,40950262.0,-16.44
country:Malaysia,2011-10-01,47571805.0,7.33
country:Malaysia,2011-11-01,47959219.0,-4.7
country:Malaysia,2011-12-01,47120096.0,12.71
country:Malaysia,2012-01-01,54795422.0,14.81
country:Malaysia,2012-02-01,45925857.0,17.72
country:Malaysia,2012-03-01,49343576.0,29.23
country:Malaysia,2012-04-01,51295411.0,22.85
country:Malaysia,2012-05-01,49635501.0,0.36
country:Malaysia,2012-06-01,47787426.0,3.26
country:Malaysia,2012-07-01,53947663.0,3.41
country:Malaysia,2012-08-01,51219227.0,2.91
country:Malaysia,2012-09-01,45307623.0,10.64
country:Malaysia,2012-10-01,45074926.0,-5.25
country:Malaysia,2012-11-01,50115919.0,4.5
country:Malaysia,2012-12-01,48111082.0,2.1
country:Malaysia,2013-01-01,51788509.0,-5.49
country:Malaysia,2013-02-01,45406817.0,-1.13
country:Malaysia,2013-03-01,43459616.0,-11.92
country:Malaysia,2013-04-01,43741152.0,-14.73
country:Malaysia,2013-05-01,47052569.0,-5.2
country:Malaysia,2013-06-01,39102411.0,-18.17
country:Malaysia,2013-07-01,45254696.0,-16.11
country:Malaysia,2013-08-01,44690658.0,-12.75
country:Malaysia,2013-09-01,39400659.0,-13.04
country:Malaysia,2013-10-01,47779872.0,6.0
country:Malaysia,2013-11-01,46175347.0,-7.86
country:Malaysia,2013-12-01,49810491.0,3.53
country:Malaysia,2014-01-01,54185185.0,4.63
country:Malaysia,2014-02-01,43477520.0,-4.25
country:Malaysia,2014-03-01,47190626.0,8.59
country:Malaysia,2014-04-01,48428287.0,10.72
country:Malaysia,2014-05-01,47106946.0,0.12
country:Malaysia,2014-06-01,48417349.0,23.82
country:Malaysia,2014-07-01,49488816.0,9.36
country:Malaysia,2014-08-01,46183378.0,3.34
country:Malaysia,2014-09-01,50498188.0,28.17
country:Malaysia,2014-10-01,52094536.0,9.03
country:Malaysia,2014-11-01,45817189.0,-0.78
country:Malaysia,2014-12-01,47265859.0,-5.11
country:Malaysia,2015-01-01,50933150.0,-6.0
country:Malaysia,2015-02-01,38920381.0,-10.48
country:Malaysia,2015-03-01,60086244.0,27.33
country:Malaysia,2015-04-01,61645254.0,27.29
country:Malaysia,2015-05-01,57398576.0,21.85
country:Malaysia,2015-06-01,56702624.0,17.11
country:Malaysia,2015-07-01,60512888.0,22.28
country:Malaysia,2015-08-01,57960274.0,25.5
country:Malaysia,2015-09-01,53784585.0,6.51
country:Malaysia,2015-10-01,51592408.0,-0.96
country:Malaysia,2015-11-01,53075432.0,15.84
country:Malaysia,2015-12-01,52872663.0,11.86
country:Malaysia,2016-01-01,54583853.0,7.17
country:Malaysia,2016-02-01,57203667.0,46.98
country:Malaysia,2016-03-01,51887955.0,-13.64
country:Malaysia,2016-04-01,52224686.0,-15.28
country:Malaysia,2016-05-01,53219530.0,-7.28
country:Malaysia,2016-06-01,56161319.0,-0.95
country:Malaysia,2016-07-01,52638122.0,-13.01
country:Malaysia,2016-08-01,50511096.0,-12.85
country:Malaysia,2016-09-01,45984564.0,-14.5
country:Malaysia,2016-10-01,50967938.0,-1.21
country:Malaysia,2016-11-01,62418973.0,17.6
country:Malaysia,2016-12-01,57870028.0,9.45
country:Malaysia,2017-01-01,60160193.0,10.22
country:Malaysia,2017-02-01,50775217.0,-11.24
country:Malaysia,2017-03-01,60880070.0,17.33
country:Malaysia,2017-04-01,52518912.0,0.56
country:Malaysia,2017-05-01,60942292.0,14.51
country:Malaysia,2017-06-01,58718348.0,4.55
country:Malaysia,2017-07-01,60400561.0,14.75
country:Malaysia,2017-08-01,59531867.0,17.86
country:Malaysia,2017-09-01,59309756.0,28.98
country:Malaysia,2017-10-01,60321030.0,18.35
country:Malaysia,2017-11-01,68356591.0,9.51
country:Malaysia,2017-12-01,65078700.0,12.46
country:Malaysia,2018-01-01,66798404.0,11.03
country:Malaysia,2018-02-01,58679927.0,15.57
country:Malaysia,2018-03-01,63384689.0,4.11
country:Malaysia,2018-04-01,60747684.0,15.67
country:Malaysia,2018-05-01,62378576.0,2.36
country:Malaysia,2018-06-01,56203413.0,-4.28
country:Malaysia,2018-07-01,61159330.0,1.26
country:Malaysia,2018-08-01,61698895.0,3.64
country:Malaysia,2018-09-01,58957892.0,-0.59
country:Malaysia,2018-10-01,65513046.0,8.61
country:Malaysia,2018-11-01,64951708.0,-4.98
country:Malaysia,2018-12-01,66399323.0,2.03
country:Malaysia,2019-01-01,72872980.0,9.09
country:Malaysia,2019-02-01,66714847.0,13.69
country:Malaysia,2019-03-01,67919162.0,7.15
country:Malaysia,2019-04-01,66722983.0,9.84
country:Malaysia,2019-05-01,75876889.0,21.64
country:Malaysia,2019-06-01,62795205.0,11.73
country:Malaysia,2019-07-01,75296886.0,23.12
country:Malaysia,2019-08-01,77379756.0,25.42
country:Malaysia,2019-09-01,83410705.0,41.48
country:Malaysia,2019-10-01,91875641.0,40.24
country:Malaysia,2019-11-01,97267327.0,49.75
country:Malaysia,2019-12-01,107626001.0,62.09
country:Malaysia,2020-01-01,120865976.0,65.86
country:Malaysia,2020-02-01,112023796.0,67.91
country:Malaysia,2020-03-01,113022117.0,66.41
country:Malaysia,2020-04-01,97480714.0,46.1
country:Malaysia,2020-05-01,39746094.0,-47.62
country:Malaysia,2020-06-01,64895621.0,3.34
country:Malaysia,2020-07-01,126715779.0,68.29
country:Malaysia,2020-08-01,152967028.0,97.68
country:Malaysia,2020-09-01,163998483.0,96.62
country:Malaysia,2020-10-01,151874697.0,65.3
country:Malaysia,2020-11-01,151104204.0,55.35
country:Malaysia,2020-12-01,170372780.0,58.3
country:Malaysia,2021-01-01,166558978.0,37.8
country:Malaysia,2021-02-01,132483674.0,18.26
country:Malaysia,2021-03-01,146565961.0,29.68
country:Malaysia,2021-04-01,153638514.0,57.61
country:Malaysia,2021-05-01,158162449.0,297.93
country:Malaysia,2021-06-01,149472348.0,130.33
country:Malaysia,2021-07-01,118226605.0,-6.7
country:Malaysia,2021-08-01,83366132.0,-45.5
country:Malaysia,2021-09-01,74128544.0,-54.8
country:Malaysia,2021-10-01,74286336.0,-51.09
country:Malaysia,2021-11-01,84467136.0,-44.1
country:Malaysia,2021-12-01,121206253.0,-28.86
country:Malaysia,2022-01-01,151614960.0,-8.97
country:Malaysia,2022-02-01,123494430.0,-6.79
country:Malaysia,2022-03-01,165437829.0,12.88
country:Malaysia,2022-04-01,159712564.0,3.95
country:Malaysia,2022-05-01,157756166.0,-0.26
country:Malaysia,2022-06-01,143299421.0,-4.13
country:Malaysia,2022-07-01,122630097.0,3.72
country:Malaysia,2022-08-01,135456499.0,62.48
country:Malaysia,2022-09-01,124118022.0,67.44
country:Malaysia,2022-10-01,133837890.0,80.16
country:Malaysia,2022-11-01,107361165.0,27.1
country:Malaysia,2022-12-01,105162889.0,-13.24
country:Malaysia,2023-01-01,98169832.0,-35.25
country:Malaysia,2023-02-01,79817645.0,-35.37
country:Malaysia,2023-03-01,84663554.0,-48.82
country:Malaysia,2023-04-01,78968418.0,-50.56
country:Malaysia,2023-05-01,77104648.0,-51.12
country:Malaysia,2023-06-01,81538548.0,-43.1
country:Malaysia,2023-07-01,76307686.0,-37.77
country:Malaysia,2023-08-01,91159960.0,-32.7
country:Malaysia,2023-09-01,79961716.0,-35.58
country:Malaysia,2023-10-01,98275066.0,-26.57
country:Malaysia,2023-11-01,92883462.0,-13.49
country:Malaysia,2023-12-01,94588359.0,-10.06
country:Malaysia,2024-01-01,92413346.0,-5.86
country:Malaysia,2024-02-01,102977051.0,29.02
country:Malaysia,2024-03-01,89680860.0,5.93
country:Malaysia,2024-04-01,89093119.0,12.82
country:Malaysia,2024-05-01,97112274.0,25.95
country:Malaysia,2024-06-01,90277032.0,10.72
country:Malaysia,2024-07-01,91724322.0,20.2
country:Malaysia,2024-08-01,79641279.0,-12.64
country:Malaysia,2024-09-01,95608394.0,19.57
country:Malaysia,2024-10-01,117290907.0,19.35
country:Malaysia,2024-11-01,116122770.0,25.02
country:Malaysia,2024-12-01,106071614.0,12.14
country:Malaysia,2025-01-01,122156584.0,32.19
country:Malaysia,2025-02-01,99419787.0,-3.45
country:Malaysia,2025-03-01,112008985.0,24.9
country:Malaysia,2025-04-01,111941021.0,25.64
country:Malaysia,2025-05-01,97270629.0,0.16
country:Malaysia,2025-06-01,101030956.0,11.91
country:Malaysia,2025-07-01,111350898.0,21.4
country:Malaysia,2025-08-01,105783678.0,32.83
country:Malaysia,2025-09-01,109426186.0,14.45
country:Malaysia,2025-10-01,91044099.0,-22.38
country:Malaysia,2025-11-01,84410659.0,-27.31
country:Malaysia,2025-12-01,100801741.0,-4.97
country:Taiwan,2010-01-01,37471714.0,
country:Taiwan,2010-02-01,31889274.0,
country:Taiwan,2010-03-01,27706133.0,
country:Taiwan,2010-04-01,32393105.0,
country:Taiwan,2010-05-01,40524492.0,
country:Taiwan,2010-06-01,40510881.0,
country:Taiwan,2010-07-01,42971775.0,
country:Taiwan,2010-08-01,42912326.0,
country:Taiwan,2010-09-01,37536947.0,
country:Taiwan,2010-10-01,36970075.0,
country:Taiwan,2010-11-01,38766328.0,
country:Taiwan,2010-12-01,34250628.0,
country:Taiwan,2011-01-01,36330033.0,-3.05
country:Taiwan,2011-02-01,32006555.0,0.37
country:Taiwan,2011-03-01,30010916.0,8.32
country:Taiwan,2011-04-01,38724276.0,19.54
country:Taiwan,2011-05-01,46398707.0,14.5
country:Taiwan,2011-06-01,44685137.0,10.3
country:Taiwan,2011-07-01,43100895.0,0.3
country:Taiwan,2011-08-01,40396268.0,-5.86
country:Taiwan,2011-09-01,36203868.0,-3.55
country:Taiwan,2011-10-01,35467761.0,-4.06
country:Taiwan,2011-11-01,38591655.0,-0.45
country:Taiwan,2011-12-01,37661684.0,9.96
country:Taiwan,2012-01-01,45379572.0,24.91
country:Taiwan,2012-02-01,33411505.0,4.39
country:Taiwan,2012-03-01,31757238.0,5.82
country:Taiwan,2012-04-01,46149739.0,19.18
country:Taiwan,2012-05-01,45102007.0,-2.79
country:Taiwan,2012-06-01,43290553.0,-3.12
country:Taiwan,2012-07-01,51989107.0,20.62
country:Taiwan,2012-08-01,40835817.0,1.09
country:Taiwan,2012-09-01,38242483.0,5.63
country:Taiwan,2012-10-01,46214074.0,30.3
country:Taiwan,2012-11-01,37708555.0,-2.29
country:Taiwan,2012-12-01,47949324.0,27.32
country:Taiwan,2013-01-01,46119572.0,1.63
country:Taiwan,2013-02-01,37321933.0,11.7
country:Taiwan,2013-03-01,29441350.0,-7.29
country:Taiwan,2013-04-01,35023307.0,-24.11
country:Taiwan,2013-05-01,39489421.0,-12.44
country:Taiwan,2013-06-01,35381346.0,-18.27
country:Taiwan,2013-07-01,40319831.0,-22.45
country:Taiwan,2013-08-01,35993837.0,-11.86
country:Taiwan,2013-09-01,38080862.0,-0.42
country:Taiwan,2013-10-01,42543374.0,-7.94
country:Taiwan,2013-11-01,47029517.0,24.72
country:Taiwan,2013-12-01,41706689.0,-13.02
country:Taiwan,2014-01-01,49690619.0,7.74
country:Taiwan,2014-02-01,39460208.0,5.73
country:Taiwan,2014-03-01,35785795.0,21.55
country:Taiwan,2014-04-01,43192732.0,23.33
country:Taiwan,2014-05-01,46599339.0,18.0
country:Taiwan,2014-06-01,44588928.0,26.02
country:Taiwan,2014-07-01,48787940.0,21.0
country:Taiwan,2014-08-01,47268513.0,31.32
country:Taiwan,2014-09-01,45386388.0,19.18
country:Taiwan,2014-10-01,45980411.0,8.08
country:Taiwan,2014-11-01,41359795.0,-12.06
country:Taiwan,2014-12-01,41248096.0,-1.1
country:Taiwan,2015-01-01,42332422.0,-14.81
country:Taiwan,2015-02-01,38068150.0,-3.53
country:Taiwan,2015-03-01,60631249.0,69.43
country:Taiwan,2015-04-01,48311407.0,11.85
country:Taiwan,2015-05-01,48526948.0,4.14
country:Taiwan,2015-06-01,53483071.0,19.95
country:Taiwan,2015-07-01,55625382.0,14.01
country:Taiwan,2015-08-01,55863243.0,18.18
country:Taiwan,2015-09-01,48980380.0,7.92
country:Taiwan,2015-10-01,49450666.0,7.55
country:Taiwan,2015-11-01,48596755.0,17.5
country:Taiwan,2015-12-01,49036319.0,18.88
country:Taiwan,2016-01-01,48695755.0,15.03
country:Taiwan,2016-02-01,50038188.0,31.44
country:Taiwan,2016-03-01,43491084.0,-28.27
country:Taiwan,2016-04-01,46119314.0,-4.54
country:Taiwan,2016-05-01,58530285.0,20.61
country:Taiwan,2016-06-01,54655643.0,2.19
country:Taiwan,2016-07-01,52879990.0,-4.94
country:Taiwan,2016-08-01,53220344.0,-4.73
country:Taiwan,2016-09-01,45485863.0,-7.13
country:Taiwan,2016-10-01,41496618.0,-16.08
country:Taiwan,2016-11-01,47349516.0,-2.57
country:Taiwan,2016-12-01,47138674.0,-3.87
country:Taiwan,2017-01-01,54204518.0,11.31
country:Taiwan,2017-02-01,44555613.0,-10.96
country:Taiwan,2017-03-01,45690596.0,5.06
country:Taiwan,2017-04-01,49754254.0,7.88
country:Taiwan,2017-05-01,60466528.0,3.31
country:Taiwan,2017-06-01,55452970.0,1.46
country:Taiwan,2017-07-01,51109343.0,-3.35
country:Taiwan,2017-08-01,57715518.0,8.45
country:Taiwan,2017-09-01,50736698.0,11.54
country:Taiwan,2017-10-01,54674077.0,31.76
country:Taiwan,2017-11-01,53874938.0,13.78
country:Taiwan,2017-12-01,50954997.0,8.1
country:Taiwan,2018-01-01,57765302.0,6.57
country:Taiwan,2018-02-01,47043290.0,5.58
country:Taiwan,2018-03-01,39759369.0,-12.98
country:Taiwan,2018-04-01,40174769.0,-19.25
country:Taiwan,2018-05-01,51728958.0,-14.45
country:Taiwan,2018-06-01,51389660.0,-7.33
country:Taiwan,2018-07-01,57059411.0,11.64
country:Taiwan,2018-08-01,50904835.0,-11.8
country:Taiwan,2018-09-01,46273201.0,-8.8
country:Taiwan,2018-10-01,60070578.0,9.87
country:Taiwan,2018-11-01,57479438.0,6.69
country:Taiwan,2018-12-01,51552459.0,1.17
country:Taiwan,2019-01-01,58217739.0,0.78
country:Taiwan,2019-02-01,50765364.0,7.91
country:Taiwan,2019-03-01,50463680.0,26.92
country:Taiwan,2019-04-01,54312751.0,35.19
country:Taiwan,2019-05-01,64156445.0,24.02
country:Taiwan,2019-06-01,68054185.0,32.43
country:Taiwan,2019-07-01,75286103.0,31.94
country:Taiwan,2019-08-01,68705616.0,34.97
country:Taiwan,2019-09-01,72742308.0,57.2
country:Taiwan,2019-10-01,80665761.0,34.28
country:Taiwan,2019-11-01,72593587.0,26.29
country:Taiwan,2019-12-01,72607037.0,40.84
country:Taiwan,2020-01-01,73350243.0,25.99
country:Taiwan,2020-02-01,61007458.0,20.18
country:Taiwan,2020-03-01,64347222.0,27.51
country:Taiwan,2020-04-01,73351098.0,35.05
country:Taiwan,2020-05-01,63263352.0,-1.39
country:Taiwan,2020-06-01,63645861.0,-6.48
country:Taiwan,2020-07-01,77013145.0,2.29
country:Taiwan,2020-08-01,87732126.0,27.69
country:Taiwan,2020-09-01,92873645.0,27.67
country:Taiwan,2020-10-01,96260761.0,19.33
country:Taiwan,2020-11-01,93715911.0,29.1
country:Taiwan,2020-12-01,86564999.0,19.22
country:Taiwan,2021-01-01,88486499.0,20.64
country:Taiwan,2021-02-01,67723862.0,11.01
country:Taiwan,2021-03-01,81461014.0,26.6
country:Taiwan,2021-04-01,89067181.0,21.43
country:Taiwan,2021-05-01,91577793.0,44.76
country:Taiwan,2021-06-01,86586007.0,36.04
country:Taiwan,2021-07-01,89470476.0,16.18
country:Taiwan,2021-08-01,83813302.0,-4.47
country:Taiwan,2021-09-01,84650606.0,-8.85
country:Taiwan,2021-10-01,96783088.0,0.54
country:Taiwan,2021-11-01,78458083.0,-16.28
country:Taiwan,2021-12-01,94455912.0,9.12
country:Taiwan,2022-01-01,94327153.0,6.6
country:Taiwan,2022-02-01,84682426.0,25.04
country:Taiwan,2022-03-01,106779309.0,31.08
country:Taiwan,2022-04-01,86398632.0,-3.0
country:Taiwan,2022-05-01,92030056.0,0.49
country:Taiwan,2022-06-01,71701038.0,-17.19
country:Taiwan,2022-07-01,71001984.0,-20.64
country:Taiwan,2022-08-01,77915114.0,-7.04
country:Taiwan,2022-09-01,67742408.0,-19.97
country:Taiwan,2022-10-01,65468096.0,-32.36
country:Taiwan,2022-11-01,64858894.0,-17.33
country:Taiwan,2022-12-01,66423667.0,-29.68
country:Taiwan,2023-01-01,63332656.0,-32.86
country:Taiwan,2023-02-01,50258655.0,-40.65
country:Taiwan,2023-03-01,56774044.0,-46.83
country:Taiwan,2023-04-01,55658770.0,-35.58
country:Taiwan,2023-05-01,68210531.0,-25.88
country:Taiwan,2023-06-01,75837210.0,5.77
country:Taiwan,2023-07-01,62820194.0,-11.52
country:Taiwan,2023-08-01,66716265.0,-14.37
country:Taiwan,2023-09-01,62918250.0,-7.12
country:Taiwan,2023-10-01,78641904.0,20.12
country:Taiwan,2023-11-01,62553678.0,-3.55
country:Taiwan,2023-12-01,53536872.0,-19.4
country:Taiwan,2024-01-01,60035207.0,-5.21
country:Taiwan,2024-02-01,57602298.0,14.61
country:Taiwan,2024-03-01,47523256.0,-16.29
country:Taiwan,2024-04-01,59876773.0,7.58
country:Taiwan,2024-05-01,54099455.0,-20.69
country:Taiwan,2024-06-01,61475997.0,-18.94
country:Taiwan,2024-07-01,65862479.0,4.84
country:Taiwan,2024-08-01,74320550.0,11.4
country:Taiwan,2024-09-01,70987381.0,12.82
country:Taiwan,2024-10-01,72009229.0,-8.43
country:Taiwan,2024-11-01,69630931.0,11.31
country:Taiwan,2024-12-01,69214461.0,29.28
country:Taiwan,2025-01-01,55912942.0,-6.87
country:Taiwan,2025-02-01,48581183.0,-15.66
country:Taiwan,2025-03-01,55940455.0,17.71
country:Taiwan,2025-04-01,51770488.0,-13.54
country:Taiwan,2025-05-01,56109765.0,3.72
country:Taiwan,2025-06-01,52869455.0,-14.0
country:Taiwan,2025-07-01,64499566.0,-2.07
country:Taiwan,2025-08-01,52221311.0,-29.74
country:Taiwan,2025-09-01,42711588.0,-39.83
country:Taiwan,2025-10-01,44861084.0,-37.7
country:Taiwan,2025-11-01,40849457.0,-41.33
country:Taiwan,2025-12-01,43497348.0,-37.16
country:Indonesia,2010-01-01,30875228.0,
country:Indonesia,2010-02-01,30193770.0,
country:Indonesia,2010-03-01,36800034.0,
country:Indonesia,2010-04-01,35595936.0,
country:Indonesia,2010-05-01,37002446.0,
country:Indonesia,2010-06-01,40062332.0,
country:Indonesia,2010-07-01,37177773.0,
country:Indonesia,2010-08-01,36887172.0,
country:Indonesia,2010-09-01,39791710.0,
country:Indonesia,2010-10-01,30876425.0,
country:Indonesia,2010-11-01,37578361.0,
country:Indonesia,2010-12-01,34890021.0,
country:Indonesia,2011-01-01,37580791.0,21.72
country:Indonesia,2011-02-01,30429136.0,0.78
country:Indonesia,2011-03-01,34020863.0,-7.55
country:Indonesia,2011-04-01,33716069.0,-5.28
country:Indonesia,2011-05-01,32350595.0,-12.57
country:Indonesia,2011-06-01,35412440.0,-11.61
country:Indonesia,2011-07-01,34953592.0,-5.98
country:Indonesia,2011-08-01,39192559.0,6.25
country:Indonesia,2011-09-01,33737447.0,-15.21
country:Indonesia,2011-10-01,25790260.0,-16.47
country:Indonesia,2011-11-01,38547330.0,2.58
country:Indonesia,2011-12-01,36414518.0,4.37
country:Indonesia,2012-01-01,42114966.0,12.07
country:Indonesia,2012-02-01,35137919.0,15.47
country:Indonesia,2012-03-01,40883884.0,20.17
country:Indonesia,2012-04-01,36999624.0,9.74
country:Indonesia,2012-05-01,39099361.0,20.86
country:Indonesia,2012-06-01,35578327.0,0.47
country:Indonesia,2012-07-01,40026138.0,14.51
country:Indonesia,2012-08-01,40819420.0,4.15
country:Indonesia,2012-09-01,31873714.0,-5.52
country:Indonesia,2012-10-01,32032196.0,24.2
country:Indonesia,2012-11-01,38294754.0,-0.66
country:Indonesia,2012-12-01,37387185.0,2.67
country:Indonesia,2013-01-01,42411169.0,0.7
country:Indonesia,2013-02-01,37854296.0,7.73
country:Indonesia,2013-03-01,40588662.0,-0.72
country:Indonesia,2013-04-01,40635059.0,9.83
country:Indonesia,2013-05-01,42821179.0,9.52
country:Indonesia,2013-06-01,40349732.0,13.41
country:Indonesia,2013-07-01,44516179.0,11.22
country:Indonesia,2013-08-01,45573370.0,11.65
country:Indonesia,2013-09-01,29344356.0,-7.94
country:Indonesia,2013-10-01,42196330.0,31.73
country:Indonesia,2013-11-01,39924484.0,4.26
country:Indonesia,2013-12-01,37346705.0,-0.11
country:Indonesia,2014-01-01,43010736.0,1.41
country:Indonesia,2014-02-01,35381825.0,-6.53
country:Indonesia,2014-03-01,44095190.0,8.64
country:Indonesia,2014-04-01,43745291.0,7.65
country:Indonesia,2014-05-01,40661193.0,-5.04
country:Indonesia,2014-06-01,39930253.0,-1.04
country:Indonesia,2014-07-01,40896001.0,-8.13
country:Indonesia,2014-08-01,39252210.0,-13.87
country:Indonesia,2014-09-01,34114669.0,16.26
country:Indonesia,2014-10-01,38743090.0,-8.18
country:Indonesia,2014-11-01,39920300.0,-0.01
country:Indonesia,2014-12-01,40514455.0,8.48
country:Indonesia,2015-01-01,36922106.0,-14.16
country:Indonesia,2015-02-01,28530564.0,-19.36
country:Indonesia,2015-03-01,46282349.0,4.96
country:Indonesia,2015-04-01,52803772.0,20.71
country:Indonesia,2015-05-01,45104638.0,10.93
country:Indonesia,2015-06-01,42969000.0,7.61
country:Indonesia,2015-07-01,44578230.0,9.0
country:Indonesia,2015-08-01,36873282.0,-6.06
country:Indonesia,2015-09-01,39891365.0,16.93
country:Indonesia,2015-10-01,41335913.0,6.69
country:Indonesia,2015-11-01,37562108.0,-5.91
country:Indonesia,2015-12-01,41099188.0,1.44
country:Indonesia,2016-01-01,40743465.0,10.35
country:Indonesia,2016-02-01,37320923.0,30.81
country:Indonesia,2016-03-01,43723520.0,-5.53
country:Indonesia,2016-04-01,39284434.0,-25.6
country:Indonesia,2016-05-01,41432606.0,-8.14
country:Indonesia,2016-06-01,38497854.0,-10.41
country:Indonesia,2016-07-01,37931230.0,-14.91
country:Indonesia,2016-08-01,29460575.0,-20.1
country:Indonesia,2016-09-01,32261577.0,-19.13
country:Indonesia,2016-10-01,34953592.0,-15.44
country:Indonesia,2016-11-01,38764117.0,3.2
country:Indonesia,2016-12-01,40469081.0,-1.53
country:Indonesia,2017-01-01,38435220.0,-5.67
country:Indonesia,2017-02-01,36879878.0,-1.18
country:Indonesia,2017-03-01,48965873.0,11.99
country:Indonesia,2017-04-01,36688510.0,-6.61
country:Indonesia,2017-05-01,42050046.0,1.49
country:Indonesia,2017-06-01,39150176.0,1.69
country:Indonesia,2017-07-01,40573741.0,6.97
country:Indonesia,2017-08-01,33045852.0,12.17
country:Indonesia,2017-09-01,38957791.0,20.76
country:Indonesia,2017-10-01,41887115.0,19.84
country:Indonesia,2017-11-01,43111215.0,11.21
country:Indonesia,2017-12-01,41423421.0,2.36
country:Indonesia,2018-01-01,41561173.0,8.13
country:Indonesia,2018-02-01,38200186.0,3.58
country:Indonesia,2018-03-01,48222954.0,-1.52
country:Indonesia,2018-04-01,46702484.0,27.29
country:Indonesia,2018-05-01,43377421.0,3.16
country:Indonesia,2018-06-01,39980699.0,2.12
country:Indonesia,2018-07-01,37572197.0,-7.4
country:Indonesia,2018-08-01,36338345.0,9.96
country:Indonesia,2018-09-01,40605403.0,4.23
country:Indonesia,2018-10-01,44508239.0,6.26
country:Indonesia,2018-11-01,46955605.0,8.92
country:Indonesia,2018-12-01,47783871.0,15.35
country:Indonesia,2019-01-01,44944107.0,8.14
country:Indonesia,2019-02-01,39602509.0,3.67
country:Indonesia,2019-03-01,44575214.0,-7.56
country:Indonesia,2019-04-01,44735951.0,-4.21
country:Indonesia,2019-05-01,47619930.0,9.78
country:Indonesia,2019-06-01,41448917.0,3.67
country:Indonesia,2019-07-01,36935993.0,-1.69
country:Indonesia,2019-08-01,43595888.0,19.97
country:Indonesia,2019-09-01,49011937.0,20.7
country:Indonesia,2019-10-01,51119527.0,14.85
country:Indonesia,2019-11-01,44082679.0,-6.12
country:Indonesia,2019-12-01,58009090.0,21.4
country:Indonesia,2020-01-01,64697106.0,43.95
country:Indonesia,2020-02-01,47264390.0,19.35
country:Indonesia,2020-03-01,64368885.0,44.41
country:Indonesia,2020-04-01,49903156.0,11.55
country:Indonesia,2020-05-01,40471558.0,-15.01
country:Indonesia,2020-06-01,44097690.0,6.39
country:Indonesia,2020-07-01,45173203.0,22.3
country:Indonesia,2020-08-01,52497455.0,20.42
country:Indonesia,2020-09-01,55845992.0,13.94
country:Indonesia,2020-10-01,61398295.0,20.11
country:Indonesia,2020-11-01,60287310.0,36.76
country:Indonesia,2020-12-01,68244181.0,17.64
country:Indonesia,2021-01-01,73246988.0,13.22
country:Indonesia,2021-02-01,54517523.0,15.35
country:Indonesia,2021-03-01,72469363.0,12.58
country:Indonesia,2021-04-01,82984923.0,66.29
country:Indonesia,2021-05-01,87834417.0,117.03
country:Indonesia,2021-06-01,79439332.0,80.14
country:Indonesia,2021-07-01,70812960.0,56.76
country:Indonesia,2021-08-01,68667503.0,30.8
country:Indonesia,2021-09-01,59471257.0,6.49
country:Indonesia,2021-10-01,72407658.0,17.93
country:Indonesia,2021-11-01,78972243.0,30.99
country:Indonesia,2021-12-01,75638130.0,10.83
country:Indonesia,2022-01-01,87542640.0,19.52
country:Indonesia,2022-02-01,71421580.0,31.01
country:Indonesia,2022-03-01,118425425.0,63.41
country:Indonesia,2022-04-01,104576554.0,26.02
country:Indonesia,2022-05-01,98877334.0,12.57
country:Indonesia,2022-06-01,87479136.0,10.12
country:Indonesia,2022-07-01,69065223.0,-2.47
country:Indonesia,2022-08-01,73938699.0,7.68
country:Indonesia,2022-09-01,79998026.0,34.52
country:Indonesia,2022-10-01,83914940.0,15.89
country:Indonesia,2022-11-01,76556087.0,-3.06
country:Indonesia,2022-12-01,62563190.0,-17.29
country:Indonesia,2023-01-01,73818503.0,-15.68
country:Indonesia,2023-02-01,55609883.0,-22.14
country:Indonesia,2023-03-01,66352396.0,-43.97
country:Indonesia,2023-04-01,61354584.0,-41.33
country:Indonesia,2023-05-01,55930145.0,-43.43
country:Indonesia,2023-06-01,39516551.0,-54.83
country:Indonesia,2023-07-01,52286836.0,-24.29
country:Indonesia,2023-08-01,55253026.0,-25.27
country:Indonesia,2023-09-01,50386852.0,-37.01
country:Indonesia,2023-10-01,51846823.0,-38.22
country:Indonesia,2023-11-01,50893548.0,-33.52
country:Indonesia,2023-12-01,49460532.0,-20.94
country:Indonesia,2024-01-01,55118256.0,-25.33
country:Indonesia,2024-02-01,58580171.0,5.34
country:Indonesia,2024-03-01,58544355.0,-11.77
country:Indonesia,2024-04-01,59976883.0,-2.25
country:Indonesia,2024-05-01,51226108.0,-8.41
country:Indonesia,2024-06-01,35201132.0,-10.92
country:Indonesia,2024-07-01,48185333.0,-7.84
country:Indonesia,2024-08-01,49756712.0,-9.95
country:Indonesia,2024-09-01,59615802.0,18.32
country:Indonesia,2024-10-01,65304723.0,25.96
country:Indonesia,2024-11-01,53844080.0,5.8
country:Indonesia,2024-12-01,62518171.0,26.4
country:Indonesia,2025-01-01,63047731.0,14.39
country:Indonesia,2025-02-01,52729934.0,-9.99
country:Indonesia,2025-03-01,62840657.0,7.34
country:Indonesia,2025-04-01,68820879.0,14.75
country:Indonesia,2025-05-01,45864105.0,-10.47
country:Indonesia,2025-06-01,49645178.0,41.03
country:Indonesia,2025-07-01,49598177.0,2.93
country:Indonesia,2025-08-01,50534832.0,1.56
country:Indonesia,2025-09-01,49630292.0,-16.75
country:Indonesia,2025-10-01,44389599.0,-32.03
country:Indonesia,2025-11-01,48109213.0,-10.65
country:Indonesia,2025-12-01,58341400.0,-6.68
country:India,2010-01-01,6972476.0,
country:India,2010-02-01,6940064.0,
country:India,2010-03-01,8369155.0,
country:India,2010-04-01,9067434.0,
country:India,2010-05-01,8520948.0,
country:India,2010-06-01,10490772.0,
country:India,2010-07-01,9178225.0,
country:India,2010-08-01,10165218.0,
country:India,2010-09-01,9407716.0,
country:India,2010-10-01,10314859.0,
country:India,2010-11-01,8848449.0,
country:India,2010-12-01,10379138.0,
country:India,2011-01-01,8879904.0,27.36
country:India,2011-02-01,9671706.0,39.36
country:India,2011-03-01,13307135.0,59.0
country:India,2011-04-01,10822412.0,19.35
country:India,2011-05-01,9347379.0,9.7
country:India,2011-06-01,10247995.0,-2.31
country:India,2011-07-01,11658348.0,27.02
country:India,2011-08-01,12540301.0,23.36
country:India,2011-09-01,13998908.0,48.8
country:India,2011-10-01,11770914.0,14.12
country:India,2011-11-01,14273458.0,61.31
country:India,2011-12-01,11478628.0,10.59
country:India,2012-01-01,13089551.0,47.41
country:India,2012-02-01,12139350.0,25.51
country:India,2012-03-01,15381063.0,15.59
country:India,2012-04-01,13137691.0,21.39
country:India,2012-05-01,11378140.0,21.73
country:India,2012-06-01,13941821.0,36.04
country:India,2012-07-01,16624451.0,42.6
country:India,2012-08-01,14214522.0,13.35
country:India,2012-09-01,18003072.0,28.6
country:India,2012-10-01,16019791.0,36.1
country:India,2012-11-01,15319687.0,7.33
country:India,2012-12-01,18257947.0,59.06
country:India,2013-01-01,16653295.0,27.23
country:India,2013-02-01,14908918.0,22.81
country:India,2013-03-01,19430939.0,26.33
country:India,2013-04-01,19338110.0,47.2
country:India,2013-05-01,16661603.0,46.44
country:India,2013-06-01,15255509.0,9.42
country:India,2013-07-01,19381124.0,16.58
country:India,2013-08-01,20725057.0,45.8
country:India,2013-09-01,18414424.0,2.28
country:India,2013-10-01,21597287.0,34.82
country:India,2013-11-01,19870359.0,29.7
country:India,2013-12-01,19945094.0,9.24
country:India,2014-01-01,17658709.0,6.04
country:India,2014-02-01,19432893.0,30.34
country:India,2014-03-01,22153422.0,14.01
country:India,2014-04-01,22924854.0,18.55
country:India,2014-05-01,16978082.0,1.9
country:India,2014-06-01,17770501.0,16.49
country:India,2014-07-01,20248528.0,4.48
country:India,2014-08-01,22611166.0,9.1
country:India,2014-09-01,23334401.0,26.72
country:India,2014-10-01,21481389.0,-0.54
country:India,2014-11-01,19493691.0,-1.9
country:India,2014-12-01,21629135.0,8.44
country:India,2015-01-01,19084615.0,8.07
country:India,2015-02-01,20140557.0,3.64
country:India,2015-03-01,27500062.0,24.13
country:India,2015-04-01,24912270.0,8.67
country:India,2015-05-01,19842412.0,16.87
country:India,2015-06-01,23654405.0,33.11
country:India,2015-07-01,27638200.0,36.49
country:India,2015-08-01,22701463.0,0.4
country:India,2015-09-01,26722222.0,14.52
country:India,2015-10-01,27035495.0,25.86
country:India,2015-11-01,26761730.0,37.28
country:India,2015-12-01,28039832.0,29.64
country:India,2016-01-01,21118390.0,10.66
country:India,2016-02-01,26654128.0,32.34
country:India,2016-03-01,32306546.0,17.48
country:India,2016-04-01,25005726.0,0.38
country:India,2016-05-01,26602241.0,34.07
country:India,2016-06-01,27803503.0,17.54
country:India,2016-07-01,25138085.0,-9.05
country:India,2016-08-01,26749090.0,17.83
country:India,2016-09-01,23857680.0,-10.72
country:India,2016-10-01,26982335.0,-0.2
country:India,2016-11-01,30855548.0,15.3
country:India,2016-12-01,27674782.0,-1.3
country:India,2017-01-01,24548221.0,16.24
country:India,2017-02-01,25907761.0,-2.8
country:India,2017-03-01,29158029.0,-9.75
country:India,2017-04-01,28448690.0,13.77
country:India,2017-05-01,30227213.0,13.63
country:India,2017-06-01,30114832.0,8.31
country:India,2017-07-01,28802769.0,14.58
country:India,2017-08-01,30489815.0,13.98
country:India,2017-09-01,25962816.0,8.82
country:India,2017-10-01,35874728.0,32.96
country:India,2017-11-01,35766638.0,15.92
country:India,2017-12-01,30809727.0,11.33
country:India,2018-01-01,36166765.0,47.33
country:India,2018-02-01,29621152.0,14.33
country:India,2018-03-01,36023104.0,23.54
country:India,2018-04-01,30178585.0,6.08
country:India,2018-05-01,34903966.0,15.47
country:India,2018-06-01,28646010.0,-4.88
country:India,2018-07-01,34519558.0,19.85
country:India,2018-08-01,34645826.0,13.63
country:India,2018-09-01,31777641.0,22.4
country:India,2018-10-01,36651696.0,2.17
country:India,2018-11-01,32303235.0,-9.68
country:India,2018-12-01,35576490.0,15.47
country:India,2019-01-01,30684385.0,-15.16
country:India,2019-02-01,32009977.0,8.06
country:India,2019-03-01,36220417.0,0.55
country:India,2019-04-01,33311006.0,10.38
country:India,2019-05-01,37235231.0,6.68
country:India,2019-06-01,31507459.0,9.99
country:India,2019-07-01,37170434.0,7.68
country:India,2019-08-01,37050599.0,6.94
country:India,2019-09-01,37228346.0,17.15
country:India,2019-10-01,39562453.0,7.94
country:India,2019-11-01,43212017.0,33.77
country:India,2019-12-01,38542662.0,8.34
country:India,2020-01-01,41174446.0,34.19
country:India,2020-02-01,41541484.0,29.78
country:India,2020-03-01,44219926.0,22.09
country:India,2020-04-01,38821991.0,16.54
country:India,2020-05-01,10646761.0,-71.41
country:India,2020-06-01,9955521.0,-68.4
country:India,2020-07-01,23120472.0,-37.8
country:India,2020-08-01,34401547.0,-7.15
country:India,2020-09-01,46599089.0,25.17
country:India,2020-10-01,44245125.0,11.84
country:India,2020-11-01,48829420.0,13.0
country:India,2020-12-01,53567263.0,38.98
country:India,2021-01-01,53607963.0,30.2
country:India,2021-02-01,46057716.0,10.87
country:India,2021-03-01,62890155.0,42.22
country:India,2021-04-01,61399237.0,58.16
country:India,2021-05-01,59496066.0,458.82
country:India,2021-06-01,47206083.0,374.17
country:India,2021-07-01,50971343.0,120.46
country:India,2021-08-01,55941311.0,62.61
country:India,2021-09-01,57324750.0,23.02
country:India,2021-10-01,61659612.0,39.36
country:India,2021-11-01,64590588.0,32.28
country:India,2021-12-01,78141810.0,45.88
country:India,2022-01-01,59323056.0,10.66
country:India,2022-02-01,60424163.0,31.19
country:India,2022-03-01,74281017.0,18.11
country:India,2022-04-01,87582209.0,42.64
country:India,2022-05-01,82322023.0,38.37
country:India,2022-06-01,58675742.0,24.3
country:India,2022-07-01,64777975.0,27.09
country:India,2022-08-01,47970316.0,-14.25
country:India,2022-09-01,60180102.0,4.98
country:India,2022-10-01,55072381.0,-10.68
country:India,2022-11-01,63510462.0,-1.67
country:India,2022-12-01,43185008.0,-44.74
country:India,2023-01-01,54213591.0,-8.61
country:India,2023-02-01,44047161.0,-27.1
country:India,2023-03-01,47902708.0,-35.51
country:India,2023-04-01,49407282.0,-43.59
country:India,2023-05-01,50340604.0,-38.85
country:India,2023-06-01,47897560.0,-18.37
country:India,2023-07-01,55408276.0,-14.46
country:India,2023-08-01,51800285.0,7.98
country:India,2023-09-01,57108775.0,-5.1
country:India,2023-10-01,51114658.0,-7.19
country:India,2023-11-01,48650919.0,-23.4
country:India,2023-12-01,50920235.0,17.91
country:India,2024-01-01,41971501.0,-22.58
country:India,2024-02-01,43040626.0,-2.29
country:India,2024-03-01,56004210.0,16.91
country:India,2024-04-01,56544030.0,14.44
country:India,2024-05-01,53340700.0,5.96
country:India,2024-06-01,48782885.0,1.85
country:India,2024-07-01,47509979.0,-14.25
country:India,2024-08-01,42413448.0,-18.12
country:India,2024-09-01,54082109.0,-5.3
country:India,2024-10-01,54782816.0,7.18
country:India,2024-11-01,56613292.0,16.37
country:India,2024-12-01,58566796.0,15.02
country:India,2025-01-01,49033718.0,16.83
country:India,2025-02-01,45517163.0,5.75
country:India,2025-03-01,58758147.0,4.92
country:India,2025-04-01,55060538.0,-2.62
country:India,2025-05-01,52400746.0,-1.76
country:India,2025-06-01,42679955.0,-12.51
country:India,2025-07-01,51437486.0,8.27
country:India,2025-08-01,53476752.0,26.08
country:India,2025-09-01,47126888.0,-12.86
country:India,2025-10-01,36982157.0,-32.49
country:India,2025-11-01,43974975.0,-22.32
country:India,2025-12-01,35919637.0,-38.67
